TransactionID,ItemDescription
1,"Milk,Cheese"
2,"Diaper,Butter,Coke"
3,"Jam,Juice,Coke,Eggs"
4,"Juice,Cheese,Coke"
5,"Eggs,Butter,Jam"
6,"Butter,Eggs,Jam,Cheese,Diaper"
7,"Eggs,Beer,Juice,Jam,Milk"
8,"Diaper,Butter,Milk,Jam"
9,"Juice,Beer,Coke,Diaper,Eggs"
10,"Diaper,Milk,Butter,Bread,Juice"
11,"Juice,Coke,Beer"
12,"Jam,Cheese,Diaper"
13,"Beer,Bread,Diaper,Juice,Milk"
14,"Eggs,Milk,Coke,Cheese"
15,"Beer,Milk,Jam,Butter"
16,"Butter,Bread,Coke,Beer,Milk"
17,"Eggs,Cheese,Butter,Juice"
18,"Cheese,Juice,Butter,Diaper"
19,"Bread,Eggs,Beer,Cheese"
20,"Juice,Eggs,Coke,Milk"
21,"Cheese,Eggs"
22,"Diaper,Coke,Cheese,Jam,Beer"
23,"Butter,Beer,Juice,Bread,Diaper"
24,"Coke,Juice,Cheese"
25,"Jam,Cheese,Diaper"
26,"Beer,Juice,Jam,Butter,Cheese"
27,"Bread,Butter,Cheese"
28,"Cheese,Eggs,Juice,Jam"
29,"Juice,Jam,Diaper,Milk,Cheese"
30,"Bread,Juice,Butter,Jam"
31,"Jam,Milk,Coke"
32,"Jam,Diaper,Cheese"
33,"Cheese,Bread"
34,"Beer,Jam"
35,"Jam,Diaper,Bread,Beer,Milk"
36,"Coke,Diaper,Butter,Cheese,Jam"
37,"Jam,Diaper,Milk,Eggs"
38,"Bread,Beer,Jam,Diaper"
39,"Cheese,Beer"
40,"Jam,Butter,Cheese"
41,"Milk,Diaper,Coke,Juice,Bread"
42,"Beer,Cheese,Milk"
43,"Juice,Cheese,Jam,Bread"
44,"Jam,Butter,Cheese,Milk"
45,"Butter,Diaper,Beer"
46,"Beer,Jam,Butter,Cheese"
47,"Eggs,Jam,Bread"
48,"Coke,Juice"
49,"Beer,Juice,Eggs"
50,"Coke,Diaper"
51,"Butter,Cheese"
52,"Eggs,Cheese,Bread"
53,"Bread,Beer,Juice,Butter,Milk"
54,"Milk,Butter"
55,"Beer,Eggs,Juice,Jam"
56,"Milk,Beer,Jam,Cheese,Juice"
57,"Eggs,Juice,Diaper"
58,"Coke,Diaper"
59,"Jam,Butter"
60,"Jam,Diaper"
61,"Jam,Eggs,Beer,Milk,Juice"
62,"Beer,Bread"
63,"Eggs,Coke"
64,"Cheese,Bread"
65,"Butter,Milk"
66,"Bread,Milk,Diaper,Eggs,Juice"
67,"Coke,Butter,Cheese,Milk"
68,"Jam,Beer,Coke,Bread"
69,"Beer,Juice"
70,"Diaper,Milk,Beer,Bread"
71,"Milk,Eggs,Juice"
72,"Butter,Beer,Bread,Eggs"
73,"Eggs,Milk,Jam,Diaper,Butter"
74,"Beer,Coke,Bread,Eggs"
75,"Juice,Cheese,Bread"
76,"Bread,Jam"
77,"Cheese,Juice,Diaper"
78,"Milk,Beer"
79,"Bread,Butter,Milk,Coke"
80,"Jam,Coke"
81,"Jam,Juice"
82,"Eggs,Bread,Juice,Jam"
83,"Diaper,Juice,Jam"
84,"Beer,Jam,Diaper,Cheese"
85,"Cheese,Bread"
86,"Coke,Cheese"
87,"Bread,Beer,Diaper,Jam,Coke"
88,"Bread,Diaper,Milk"
89,"Cheese,Coke,Eggs"
90,"Bread,Diaper,Juice,Beer,Jam"
91,"Butter,Cheese,Diaper"
92,"Milk,Bread,Butter"
93,"Milk,Butter,Eggs,Bread"
94,"Cheese,Coke,Butter"
95,"Bread,Coke,Beer"
96,"Jam,Bread,Beer,Juice,Milk"
97,"Eggs,Coke,Butter,Beer,Milk"
98,"Butter,Beer,Milk"
99,"Diaper,Milk,Cheese,Jam,Bread"
100,"Jam,Beer,Juice,Cheese"
101,"Eggs,Jam,Juice,Coke"
102,"Eggs,Diaper,Beer"
103,"Coke,Eggs"
104,"Jam,Beer"
105,"Eggs,Cheese,Juice,Beer,Jam"
106,"Coke,Diaper,Butter,Cheese,Eggs"
107,"Bread,Beer"
108,"Beer,Cheese,Coke"
109,"Jam,Butter,Cheese,Diaper,Coke"
110,"Milk,Jam,Cheese,Beer,Bread"
111,"Bread,Milk"
112,"Milk,Bread,Juice"
113,"Milk,Coke,Eggs"
114,"Butter,Eggs,Coke"
115,"Bread,Eggs,Juice,Milk,Cheese"
116,"Milk,Juice,Cheese,Jam"
117,"Coke,Jam,Juice,Cheese"
118,"Bread,Eggs,Cheese,Jam,Diaper"
119,"Cheese,Butter"
120,"Milk,Diaper"
121,"Eggs,Diaper,Milk"
122,"Coke,Bread,Diaper,Milk,Eggs"
123,"Juice,Jam,Eggs,Bread"
124,"Butter,Coke,Cheese"
125,"Butter,Juice,Jam"
126,"Beer,Cheese"
127,"Bread,Cheese,Jam,Eggs,Juice"
128,"Milk,Juice,Diaper,Jam,Cheese"
129,"Bread,Coke"
130,"Butter,Juice,Cheese,Diaper"
131,"Juice,Coke"
132,"Beer,Bread,Diaper,Milk,Butter"
133,"Cheese,Juice"
134,"Coke,Bread,Diaper"
135,"Diaper,Butter"
136,"Butter,Diaper,Juice"
137,"Butter,Jam,Eggs,Beer,Bread"
138,"Cheese,Coke,Milk,Jam"
139,"Jam,Bread,Diaper,Juice,Butter"
140,"Coke,Beer,Butter,Bread,Diaper"
141,"Butter,Cheese,Milk,Bread,Eggs"
142,"Jam,Beer"
143,"Juice,Beer,Butter,Bread,Jam"
144,"Beer,Cheese"
145,"Milk,Cheese,Beer"
146,"Diaper,Milk,Coke,Bread,Jam"
147,"Bread,Milk"
148,"Bread,Beer,Juice"
149,"Beer,Coke,Cheese,Bread,Jam"
150,"Coke,Milk,Beer,Cheese"
151,"Milk,Jam,Butter"
152,"Eggs,Coke"
153,"Coke,Milk"
154,"Cheese,Juice,Diaper"
155,"Beer,Milk"
156,"Juice,Beer,Diaper,Coke"
157,"Bread,Cheese,Jam,Coke"
158,"Bread,Eggs"
159,"Bread,Eggs,Beer"
160,"Eggs,Bread,Coke"
161,"Diaper,Cheese,Milk"
162,"Diaper,Beer,Eggs,Juice,Butter"
163,"Milk,Diaper,Beer,Jam,Juice"
164,"Jam,Milk"
165,"Coke,Juice"
166,"Diaper,Jam"
167,"Beer,Butter,Juice,Bread,Diaper"
168,"Beer,Butter,Eggs"
169,"Beer,Coke"
170,"Bread,Juice,Cheese"
171,"Coke,Butter,Juice"
172,"Eggs,Diaper,Cheese,Juice"
173,"Eggs,Jam,Beer,Milk,Butter"
174,"Eggs,Cheese,Coke,Bread"
175,"Jam,Butter"
176,"Coke,Cheese,Beer"
177,"Butter,Juice"
178,"Diaper,Coke"
179,"Butter,Bread,Jam,Coke,Milk"
180,"Jam,Eggs"
181,"Beer,Jam,Milk,Bread"
182,"Diaper,Butter,Eggs,Beer"
183,"Milk,Cheese,Juice,Diaper"
184,"Milk,Bread,Cheese"
185,"Beer,Butter,Juice"
186,"Coke,Cheese,Juice,Beer"
187,"Milk,Coke,Butter,Bread,Eggs"
188,"Butter,Bread,Milk,Cheese"
189,"Butter,Milk,Eggs,Beer"
190,"Cheese,Diaper"
191,"Butter,Diaper,Bread,Coke"
192,"Milk,Juice,Jam"
193,"Juice,Beer,Eggs,Milk,Bread"
194,"Juice,Diaper,Eggs,Coke"
195,"Cheese,Coke,Jam,Milk"
196,"Diaper,Coke,Bread"
197,"Milk,Jam,Bread"
198,"Juice,Eggs,Coke,Jam"
199,"Diaper,Coke,Butter,Beer,Milk"
200,"Milk,Coke,Cheese"
201,"Jam,Beer,Bread,Cheese,Juice"
202,"Eggs,Milk"
203,"Jam,Butter"
204,"Cheese,Diaper"
205,"Beer,Butter,Juice,Jam"
206,"Milk,Juice,Eggs,Butter,Cheese"
207,"Coke,Cheese"
208,"Juice,Jam,Beer"
209,"Diaper,Jam,Cheese,Beer,Butter"
210,"Juice,Beer,Bread"
211,"Eggs,Diaper"
212,"Beer,Eggs"
213,"Milk,Coke"
214,"Beer,Coke,Eggs,Bread,Jam"
215,"Jam,Coke"
216,"Eggs,Juice,Cheese,Butter"
217,"Eggs,Jam,Bread"
218,"Milk,Jam,Juice"
219,"Diaper,Jam,Milk"
220,"Eggs,Diaper,Butter,Juice"
221,"Jam,Eggs,Milk,Juice,Diaper"
222,"Diaper,Coke"
223,"Butter,Beer,Cheese,Eggs,Juice"
224,"Cheese,Juice,Diaper,Jam,Bread"
225,"Diaper,Juice,Cheese"
226,"Butter,Juice,Coke,Cheese"
227,"Jam,Diaper,Juice,Beer,Butter"
228,"Jam,Coke"
229,"Cheese,Coke"
230,"Juice,Milk,Bread"
231,"Cheese,Coke,Jam,Butter"
232,"Coke,Beer,Jam,Juice,Cheese"
233,"Jam,Bread,Diaper"
234,"Jam,Diaper"
235,"Juice,Bread"
236,"Juice,Butter"
237,"Cheese,Bread,Coke,Juice,Diaper"
238,"Diaper,Beer"
239,"Eggs,Bread"
240,"Butter,Cheese,Coke,Milk"
241,"Beer,Bread"
242,"Eggs,Diaper,Beer,Juice"
243,"Cheese,Butter,Juice,Diaper,Bread"
244,"Juice,Cheese,Beer,Diaper"
245,"Coke,Cheese,Juice"
246,"Diaper,Beer,Butter"
247,"Diaper,Butter,Eggs,Juice,Bread"
248,"Juice,Cheese"
249,"Bread,Juice,Beer"
250,"Bread,Cheese"
251,"Juice,Coke,Eggs,Beer"
252,"Coke,Diaper,Bread,Jam,Eggs"
253,"Eggs,Butter,Cheese,Milk"
254,"Bread,Milk,Jam,Coke"
255,"Eggs,Diaper,Butter,Bread"
256,"Diaper,Cheese"
257,"Jam,Milk,Beer,Eggs"
258,"Milk,Eggs"
259,"Diaper,Juice"
260,"Coke,Milk,Cheese,Bread,Juice"
261,"Eggs,Jam,Juice,Butter,Beer"
262,"Bread,Diaper,Beer"
263,"Bread,Beer,Coke"
264,"Jam,Milk,Bread,Cheese,Diaper"
265,"Juice,Beer,Milk,Butter"
266,"Butter,Bread,Juice"
267,"Coke,Eggs"
268,"Beer,Jam"
269,"Diaper,Juice,Jam,Beer"
270,"Cheese,Beer,Butter,Jam,Milk"
271,"Cheese,Juice,Diaper"
272,"Milk,Diaper,Juice"
273,"Diaper,Beer,Bread,Cheese,Juice"
274,"Butter,Milk"
275,"Butter,Beer,Diaper"
276,"Coke,Cheese,Juice,Butter,Bread"
277,"Juice,Eggs,Coke,Cheese,Bread"
278,"Eggs,Jam,Beer,Cheese"
279,"Bread,Beer"
280,"Bread,Milk,Cheese,Coke"
281,"Juice,Eggs"
282,"Bread,Cheese"
283,"Milk,Beer,Juice,Coke"
284,"Juice,Coke,Milk,Cheese,Butter"
285,"Butter,Diaper,Milk"
286,"Butter,Beer,Cheese,Juice"
287,"Juice,Cheese,Jam"
288,"Cheese,Diaper,Jam"
289,"Cheese,Coke"
290,"Diaper,Jam,Milk,Butter"
291,"Cheese,Butter,Beer,Coke,Eggs"
292,"Butter,Bread,Milk,Eggs"
293,"Jam,Cheese,Diaper"
294,"Coke,Bread,Jam,Butter"
295,"Cheese,Milk,Beer"
296,"Bread,Butter"
297,"Milk,Diaper,Bread"
298,"Eggs,Juice,Cheese"
299,"Beer,Eggs"
300,"Milk,Butter"
301,"Beer,Milk"
302,"Coke,Beer"
303,"Bread,Diaper"
304,"Coke,Diaper"
305,"Jam,Milk,Butter,Coke"
306,"Eggs,Coke,Juice,Cheese"
307,"Coke,Butter"
308,"Bread,Cheese,Juice,Milk"
309,"Milk,Bread"
310,"Beer,Cheese"
311,"Milk,Beer,Bread,Coke"
312,"Beer,Diaper,Juice,Milk,Coke"
313,"Jam,Beer,Juice,Eggs,Cheese"
314,"Cheese,Jam"
315,"Juice,Bread"
316,"Beer,Diaper,Juice"
317,"Beer,Eggs,Juice,Butter,Diaper"
318,"Beer,Bread"
319,"Milk,Beer"
320,"Juice,Jam"
321,"Jam,Diaper,Milk,Eggs"
322,"Diaper,Juice"
323,"Diaper,Cheese,Coke,Milk"
324,"Juice,Butter"
325,"Cheese,Beer"
326,"Jam,Coke"
327,"Diaper,Eggs,Bread"
328,"Bread,Butter,Milk,Juice,Beer"
329,"Beer,Eggs,Cheese,Jam,Juice"
330,"Juice,Milk"
331,"Coke,Cheese,Beer,Eggs"
332,"Diaper,Cheese"
333,"Bread,Jam,Milk"
334,"Bread,Jam,Beer"
335,"Beer,Jam,Eggs,Butter"
336,"Juice,Diaper,Coke"
337,"Coke,Milk,Eggs"
338,"Beer,Cheese,Coke"
339,"Diaper,Cheese,Coke,Jam,Bread"
340,"Eggs,Butter,Coke"
341,"Coke,Butter,Jam"
342,"Milk,Diaper"
343,"Jam,Eggs,Milk,Butter"
344,"Milk,Cheese,Juice"
345,"Bread,Beer"
346,"Coke,Jam,Juice,Bread,Beer"
347,"Milk,Juice"
348,"Diaper,Bread"
349,"Jam,Cheese,Diaper"
350,"Jam,Bread,Butter"
351,"Diaper,Juice,Beer,Butter,Jam"
352,"Cheese,Milk"
353,"Jam,Coke,Beer"
354,"Eggs,Bread,Jam"
355,"Cheese,Diaper,Juice"
356,"Cheese,Milk,Bread,Juice"
357,"Jam,Beer,Diaper"
358,"Jam,Butter,Milk,Juice,Eggs"
359,"Butter,Juice,Beer"
360,"Butter,Cheese"
361,"Juice,Coke,Jam"
362,"Juice,Diaper,Milk,Butter,Bread"
363,"Diaper,Cheese,Milk"
364,"Eggs,Bread,Jam"
365,"Coke,Cheese,Eggs,Diaper,Beer"
366,"Beer,Butter,Diaper,Cheese"
367,"Bread,Coke"
368,"Coke,Milk"
369,"Milk,Eggs,Diaper"
370,"Coke,Diaper,Milk"
371,"Butter,Coke,Eggs,Bread"
372,"Diaper,Butter,Eggs,Juice,Coke"
373,"Coke,Jam"
374,"Cheese,Coke"
375,"Beer,Jam,Cheese,Coke"
376,"Eggs,Beer,Cheese,Juice"
377,"Juice,Jam"
378,"Butter,Milk,Eggs,Cheese,Beer"
379,"Jam,Butter"
380,"Eggs,Milk"
381,"Coke,Juice,Milk,Cheese,Jam"
382,"Milk,Eggs,Beer"
383,"Coke,Butter"
384,"Eggs,Cheese,Beer,Coke"
385,"Milk,Eggs,Jam,Juice"
386,"Butter,Cheese"
387,"Bread,Diaper,Cheese,Milk,Eggs"
388,"Eggs,Milk,Jam,Bread"
389,"Beer,Milk"
390,"Cheese,Beer,Diaper"
391,"Butter,Bread,Jam"
392,"Milk,Beer,Diaper"
393,"Beer,Diaper"
394,"Juice,Bread,Diaper,Butter,Milk"
395,"Bread,Butter,Jam,Eggs"
396,"Milk,Cheese,Diaper,Bread,Juice"
397,"Eggs,Bread,Butter,Cheese,Diaper"
398,"Coke,Beer,Jam,Butter,Milk"
399,"Beer,Bread,Cheese"
400,"Diaper,Beer,Butter,Coke,Bread"
401,"Coke,Cheese,Milk"
402,"Milk,Coke"
403,"Beer,Coke,Eggs"
404,"Milk,Cheese,Beer,Bread,Eggs"
405,"Eggs,Milk,Cheese,Butter,Bread"
406,"Coke,Beer,Butter,Diaper,Milk"
407,"Cheese,Beer,Juice,Eggs,Coke"
408,"Bread,Jam,Beer,Milk,Cheese"
409,"Cheese,Eggs,Coke"
410,"Bread,Cheese"
411,"Diaper,Jam"
412,"Eggs,Cheese,Milk,Bread"
413,"Juice,Cheese,Coke"
414,"Butter,Cheese,Diaper,Coke"
415,"Cheese,Juice,Jam"
416,"Coke,Eggs,Jam,Milk"
417,"Milk,Juice,Jam"
418,"Eggs,Juice,Milk,Beer,Cheese"
419,"Coke,Diaper"
420,"Diaper,Coke,Beer"
421,"Juice,Coke,Milk"
422,"Milk,Coke,Diaper,Eggs"
423,"Butter,Diaper,Coke,Juice"
424,"Coke,Milk,Eggs,Diaper,Butter"
425,"Milk,Bread,Cheese,Diaper"
426,"Milk,Eggs"
427,"Butter,Cheese,Bread,Jam,Milk"
428,"Juice,Beer,Bread,Eggs"
429,"Milk,Eggs,Juice,Coke,Jam"
430,"Eggs,Cheese,Coke,Jam,Bread"
431,"Cheese,Juice,Bread"
432,"Bread,Eggs,Juice,Jam,Beer"
433,"Butter,Beer,Bread,Cheese"
434,"Beer,Bread,Jam"
435,"Coke,Diaper"
436,"Bread,Eggs,Beer,Milk,Juice"
437,"Eggs,Bread,Butter,Diaper,Cheese"
438,"Coke,Eggs,Juice,Diaper"
439,"Bread,Milk,Beer,Butter"
440,"Milk,Beer"
441,"Bread,Milk,Juice,Eggs,Jam"
442,"Beer,Eggs,Jam"
443,"Beer,Coke,Cheese"
444,"Diaper,Cheese"
445,"Jam,Juice,Butter,Beer"
446,"Jam,Diaper,Milk,Eggs"
447,"Jam,Coke,Bread,Juice,Milk"
448,"Diaper,Milk"
449,"Jam,Eggs"
450,"Juice,Milk,Cheese"
451,"Diaper,Butter,Coke"
452,"Jam,Bread,Coke"
453,"Bread,Milk,Jam"
454,"Cheese,Milk,Jam,Beer"
455,"Jam,Cheese,Diaper"
456,"Butter,Jam,Diaper"
457,"Diaper,Butter,Coke,Bread,Cheese"
458,"Milk,Coke"
459,"Cheese,Jam"
460,"Eggs,Diaper"
461,"Eggs,Diaper,Cheese,Juice,Beer"
462,"Juice,Jam,Eggs,Cheese,Beer"
463,"Eggs,Jam,Milk,Cheese,Beer"
464,"Jam,Juice,Coke"
465,"Cheese,Bread"
466,"Juice,Bread,Milk"
467,"Diaper,Beer"
468,"Bread,Milk,Cheese"
469,"Butter,Bread,Beer"
470,"Milk,Cheese,Bread,Butter,Eggs"
471,"Coke,Cheese,Juice,Eggs,Bread"
472,"Butter,Juice,Diaper"
473,"Eggs,Coke"
474,"Jam,Bread,Beer,Diaper,Coke"
475,"Jam,Milk,Beer,Juice,Eggs"
476,"Butter,Eggs,Diaper,Juice,Cheese"
477,"Milk,Coke"
478,"Coke,Bread,Eggs,Beer,Butter"
479,"Diaper,Beer,Eggs"
480,"Jam,Juice,Cheese,Milk"
481,"Beer,Cheese,Milk"
482,"Cheese,Bread,Juice,Butter"
483,"Cheese,Butter"
484,"Diaper,Beer,Eggs"
485,"Diaper,Jam"
486,"Coke,Juice,Eggs,Cheese"
487,"Juice,Jam,Milk,Eggs"
488,"Juice,Jam,Coke"
489,"Cheese,Beer,Eggs"
490,"Coke,Juice,Eggs,Diaper,Butter"
491,"Juice,Bread,Coke,Diaper"
492,"Diaper,Jam,Milk,Bread"
493,"Butter,Diaper"
494,"Bread,Coke,Beer"
495,"Butter,Milk,Eggs,Bread"
496,"Juice,Butter,Cheese,Beer"
497,"Diaper,Butter"
498,"Juice,Diaper,Eggs"
499,"Juice,Beer,Eggs,Milk,Cheese"
500,"Bread,Diaper,Coke"
501,"Jam,Eggs,Beer,Bread,Diaper"
502,"Diaper,Juice,Beer,Butter,Jam"
503,"Beer,Jam"
504,"Diaper,Coke,Eggs"
505,"Eggs,Bread"
506,"Jam,Butter,Beer"
507,"Butter,Eggs,Milk,Beer,Cheese"
508,"Eggs,Juice"
509,"Milk,Beer,Butter,Coke,Juice"
510,"Coke,Bread"
511,"Milk,Coke,Jam,Juice"
512,"Milk,Coke,Juice"
513,"Jam,Juice,Diaper,Milk"
514,"Beer,Diaper,Cheese,Butter,Bread"
515,"Diaper,Milk"
516,"Eggs,Beer,Juice,Cheese,Diaper"
517,"Diaper,Jam,Milk,Cheese"
518,"Cheese,Jam,Diaper,Juice,Coke"
519,"Beer,Diaper,Jam,Juice,Eggs"
520,"Milk,Coke,Cheese"
521,"Milk,Bread,Juice,Diaper,Eggs"
522,"Coke,Eggs"
523,"Cheese,Coke"
524,"Milk,Diaper,Eggs,Bread"
525,"Diaper,Beer,Eggs"
526,"Beer,Eggs,Diaper,Cheese,Jam"
527,"Butter,Juice,Eggs,Bread,Jam"
528,"Milk,Coke,Bread"
529,"Bread,Jam,Cheese,Juice"
530,"Juice,Bread,Coke,Butter,Diaper"
531,"Butter,Coke,Milk,Jam"
532,"Beer,Jam"
533,"Cheese,Diaper,Coke"
534,"Coke,Jam,Diaper,Beer"
535,"Eggs,Bread"
536,"Milk,Jam"
537,"Jam,Coke,Eggs,Bread"
538,"Jam,Butter,Cheese,Diaper,Coke"
539,"Cheese,Bread,Coke"
540,"Milk,Cheese,Bread,Jam"
541,"Coke,Bread,Eggs,Juice"
542,"Beer,Milk"
543,"Cheese,Juice,Coke,Butter,Beer"
544,"Cheese,Beer,Jam,Eggs,Butter"
545,"Beer,Jam,Coke,Milk,Diaper"
546,"Bread,Milk,Eggs,Cheese,Juice"
547,"Coke,Milk,Butter,Eggs,Diaper"
548,"Juice,Beer,Butter"
549,"Milk,Coke,Beer,Butter,Diaper"
550,"Jam,Eggs,Coke"
551,"Jam,Cheese,Eggs"
552,"Eggs,Juice"
553,"Coke,Bread,Beer,Butter"
554,"Beer,Diaper"
555,"Butter,Diaper,Cheese,Beer"
556,"Eggs,Coke,Beer,Bread"
557,"Juice,Coke,Diaper,Bread"
558,"Beer,Bread,Milk,Jam"
559,"Coke,Bread,Milk,Eggs,Diaper"
560,"Beer,Jam,Butter,Cheese"
561,"Beer,Butter,Coke,Cheese,Bread"
562,"Butter,Juice,Milk"
563,"Cheese,Diaper,Eggs,Coke,Bread"
564,"Milk,Eggs,Bread,Cheese"
565,"Juice,Beer"
566,"Butter,Milk,Cheese,Diaper"
567,"Diaper,Butter"
568,"Bread,Beer"
569,"Beer,Butter,Milk,Jam"
570,"Diaper,Coke,Cheese,Beer"
571,"Bread,Coke"
572,"Juice,Bread"
573,"Milk,Beer,Butter,Juice"
574,"Diaper,Jam,Milk,Cheese,Coke"
575,"Bread,Eggs,Jam,Butter"
576,"Beer,Milk,Cheese"
577,"Cheese,Jam,Beer,Coke"
578,"Juice,Beer"
579,"Cheese,Eggs,Diaper"
580,"Coke,Cheese"
581,"Beer,Butter,Milk,Coke"
582,"Diaper,Milk,Jam"
583,"Juice,Jam"
584,"Coke,Butter,Eggs,Milk,Beer"
585,"Beer,Butter"
586,"Juice,Cheese,Bread,Coke,Eggs"
587,"Bread,Juice"
588,"Cheese,Butter,Juice"
589,"Jam,Cheese,Beer,Coke"
590,"Eggs,Milk,Coke"
591,"Eggs,Bread,Butter,Coke,Milk"
592,"Butter,Beer"
593,"Juice,Beer,Diaper,Cheese,Bread"
594,"Eggs,Cheese"
595,"Coke,Eggs"
596,"Diaper,Jam,Bread,Juice,Butter"
597,"Milk,Jam"
598,"Butter,Bread,Beer,Diaper"
599,"Cheese,Coke,Butter"
600,"Jam,Milk,Juice"
601,"Milk,Butter,Cheese"
602,"Milk,Jam"
603,"Milk,Cheese,Coke,Butter,Diaper"
604,"Diaper,Coke,Juice"
605,"Jam,Milk,Coke,Bread,Eggs"
606,"Butter,Milk,Coke"
607,"Milk,Beer"
608,"Beer,Milk,Eggs,Coke,Bread"
609,"Diaper,Eggs,Coke,Beer"
610,"Cheese,Milk,Bread,Diaper"
611,"Eggs,Milk,Beer,Jam,Butter"
612,"Beer,Cheese,Diaper,Jam,Coke"
613,"Beer,Bread,Cheese"
614,"Beer,Butter"
615,"Juice,Milk,Jam"
616,"Coke,Milk,Cheese,Bread"
617,"Eggs,Bread"
618,"Milk,Juice,Beer"
619,"Coke,Jam,Beer,Diaper,Bread"
620,"Bread,Jam"
621,"Butter,Milk,Eggs,Diaper"
622,"Beer,Coke"
623,"Beer,Jam,Eggs"
624,"Bread,Beer,Cheese"
625,"Cheese,Juice,Eggs,Diaper,Butter"
626,"Milk,Cheese,Jam,Diaper"
627,"Bread,Diaper,Butter"
628,"Coke,Milk,Cheese"
629,"Bread,Cheese,Diaper,Eggs"
630,"Milk,Jam,Diaper,Beer,Juice"
631,"Eggs,Diaper"
632,"Juice,Eggs,Coke"
633,"Coke,Butter,Milk,Juice"
634,"Butter,Coke"
635,"Milk,Coke,Jam,Juice"
636,"Cheese,Juice"
637,"Jam,Eggs,Beer"
638,"Juice,Butter,Milk,Diaper,Jam"
639,"Bread,Diaper,Jam,Milk"
640,"Beer,Milk"
641,"Eggs,Juice,Milk,Butter,Beer"
642,"Cheese,Coke,Milk,Juice,Beer"
643,"Bread,Milk,Juice"
644,"Cheese,Coke"
645,"Diaper,Jam,Coke,Bread"
646,"Beer,Milk,Coke"
647,"Juice,Bread,Beer,Milk,Butter"
648,"Coke,Juice"
649,"Eggs,Jam,Coke"
650,"Juice,Beer,Coke,Bread,Jam"
651,"Coke,Juice"
652,"Diaper,Milk,Cheese,Eggs,Beer"
653,"Milk,Cheese,Juice,Butter,Eggs"
654,"Eggs,Beer"
655,"Bread,Butter,Jam"
656,"Beer,Diaper,Juice,Milk"
657,"Butter,Milk"
658,"Cheese,Jam,Beer,Juice"
659,"Diaper,Milk,Coke,Bread,Eggs"
660,"Cheese,Diaper"
661,"Diaper,Eggs,Coke,Bread"
662,"Jam,Bread"
663,"Jam,Bread,Juice,Eggs"
664,"Diaper,Juice,Beer,Eggs"
665,"Juice,Milk,Coke,Eggs,Diaper"
666,"Coke,Bread,Butter,Cheese"
667,"Coke,Milk,Jam,Cheese"
668,"Milk,Butter,Juice,Beer,Cheese"
669,"Jam,Cheese,Beer,Juice"
670,"Butter,Cheese"
671,"Cheese,Beer"
672,"Juice,Coke,Milk,Diaper,Butter"
673,"Diaper,Coke"
674,"Bread,Butter,Beer"
675,"Jam,Bread,Diaper"
676,"Coke,Butter,Jam,Eggs"
677,"Coke,Eggs,Juice,Diaper,Jam"
678,"Bread,Juice"
679,"Beer,Diaper"
680,"Juice,Cheese,Eggs,Coke"
681,"Butter,Diaper,Bread,Cheese,Juice"
682,"Milk,Diaper,Beer,Jam,Butter"
683,"Jam,Cheese,Coke,Beer"
684,"Cheese,Diaper,Eggs,Coke"
685,"Eggs,Milk,Jam,Coke,Beer"
686,"Milk,Cheese,Diaper,Beer"
687,"Jam,Bread,Cheese,Butter"
688,"Juice,Diaper"
689,"Diaper,Beer,Coke,Juice,Jam"
690,"Milk,Butter,Jam,Eggs"
691,"Eggs,Butter,Cheese,Coke"
692,"Bread,Coke,Diaper,Butter,Juice"
693,"Eggs,Jam,Cheese"
694,"Eggs,Milk,Cheese,Butter,Coke"
695,"Bread,Juice,Butter,Eggs"
696,"Jam,Cheese,Eggs,Beer"
697,"Juice,Coke,Cheese,Bread"
698,"Cheese,Beer,Milk,Jam"
699,"Bread,Juice"
700,"Coke,Juice,Cheese,Eggs,Milk"
701,"Bread,Beer,Jam,Diaper"
702,"Jam,Coke,Beer"
703,"Jam,Bread,Diaper"
704,"Bread,Milk,Eggs,Diaper,Juice"
705,"Jam,Milk,Beer,Butter"
706,"Juice,Eggs,Diaper"
707,"Milk,Bread,Butter"
708,"Diaper,Juice"
709,"Juice,Eggs,Jam,Beer,Bread"
710,"Eggs,Bread,Juice,Diaper"
711,"Cheese,Diaper,Beer"
712,"Diaper,Juice,Beer,Eggs,Butter"
713,"Diaper,Coke"
714,"Milk,Beer"
715,"Diaper,Bread,Butter,Milk,Cheese"
716,"Cheese,Butter,Coke"
717,"Milk,Bread,Diaper,Cheese,Coke"
718,"Butter,Beer,Jam"
719,"Bread,Coke"
720,"Diaper,Cheese"
721,"Eggs,Bread"
722,"Eggs,Bread"
723,"Coke,Eggs,Milk,Diaper"
724,"Coke,Bread"
725,"Cheese,Milk,Coke"
726,"Cheese,Milk,Coke"
727,"Beer,Jam,Eggs"
728,"Milk,Butter,Jam"
729,"Coke,Bread,Cheese,Butter,Juice"
730,"Butter,Eggs,Beer"
731,"Cheese,Milk,Coke,Jam,Beer"
732,"Butter,Jam"
733,"Bread,Juice"
734,"Beer,Diaper,Juice,Bread"
735,"Juice,Bread,Butter,Eggs"
736,"Eggs,Bread,Jam"
737,"Juice,Butter,Bread"
738,"Eggs,Butter,Jam"
739,"Jam,Bread"
740,"Bread,Cheese,Beer,Coke,Jam"
741,"Cheese,Butter,Juice,Milk,Bread"
742,"Beer,Diaper,Cheese,Eggs"
743,"Eggs,Bread,Butter"
744,"Beer,Bread,Diaper,Juice"
745,"Milk,Juice,Beer,Butter"
746,"Juice,Bread,Diaper"
747,"Coke,Milk,Cheese,Diaper"
748,"Coke,Diaper,Beer,Cheese,Butter"
749,"Coke,Beer,Juice,Diaper,Milk"
750,"Bread,Milk"
751,"Diaper,Eggs,Jam,Cheese"
752,"Milk,Eggs,Butter"
753,"Diaper,Butter,Juice"
754,"Coke,Juice"
755,"Bread,Milk,Jam,Cheese,Beer"
756,"Jam,Coke,Diaper,Milk"
757,"Milk,Diaper,Juice,Beer,Butter"
758,"Coke,Jam,Butter,Beer,Eggs"
759,"Diaper,Beer,Jam,Eggs,Butter"
760,"Coke,Jam,Bread"
761,"Juice,Milk,Diaper"
762,"Eggs,Beer"
763,"Bread,Diaper,Coke,Cheese,Juice"
764,"Milk,Butter,Cheese"
765,"Cheese,Diaper"
766,"Jam,Bread,Juice,Milk,Cheese"
767,"Jam,Coke,Diaper,Milk"
768,"Butter,Milk"
769,"Eggs,Coke,Butter,Bread,Milk"
770,"Coke,Eggs,Jam,Butter,Bread"
771,"Bread,Jam,Beer,Coke"
772,"Butter,Beer,Juice"
773,"Diaper,Bread,Eggs"
774,"Diaper,Jam,Coke"
775,"Beer,Butter,Eggs,Juice"
776,"Cheese,Butter,Juice,Eggs"
777,"Beer,Juice"
778,"Eggs,Coke,Jam,Cheese"
779,"Beer,Jam,Juice"
780,"Diaper,Beer,Jam,Juice,Butter"
781,"Coke,Beer,Butter"
782,"Milk,Jam"
783,"Bread,Eggs"
784,"Butter,Bread,Juice,Milk"
785,"Jam,Beer,Coke,Bread"
786,"Milk,Coke,Diaper,Jam"
787,"Diaper,Eggs,Beer,Coke,Jam"
788,"Diaper,Juice"
789,"Juice,Cheese"
790,"Coke,Butter,Milk,Juice"
791,"Diaper,Beer,Bread"
792,"Beer,Juice"
793,"Diaper,Eggs,Juice,Coke"
794,"Milk,Jam,Diaper"
795,"Bread,Beer,Juice,Eggs"
796,"Juice,Diaper"
797,"Diaper,Butter,Jam"
798,"Beer,Butter,Milk,Diaper,Eggs"
799,"Diaper,Juice,Beer,Jam"
800,"Milk,Diaper,Butter,Cheese"
801,"Butter,Coke,Bread,Diaper,Milk"
802,"Diaper,Beer,Juice,Eggs,Bread"
803,"Cheese,Bread,Beer,Diaper,Butter"
804,"Bread,Butter,Milk"
805,"Milk,Eggs,Beer,Coke"
806,"Beer,Milk"
807,"Jam,Cheese,Butter,Diaper"
808,"Bread,Jam,Coke,Cheese"
809,"Coke,Eggs,Bread,Cheese,Milk"
810,"Diaper,Juice,Bread,Jam,Coke"
811,"Butter,Juice,Eggs,Cheese,Coke"
812,"Diaper,Juice,Cheese"
813,"Jam,Butter,Juice,Bread"
814,"Jam,Coke,Bread,Beer"
815,"Cheese,Diaper"
816,"Jam,Butter,Eggs"
817,"Bread,Milk,Juice"
818,"Eggs,Coke"
819,"Coke,Milk"
820,"Juice,Jam,Milk"
821,"Juice,Milk,Coke,Eggs,Bread"
822,"Bread,Eggs"
823,"Beer,Diaper,Milk"
824,"Diaper,Beer,Butter"
825,"Jam,Coke"
826,"Butter,Coke,Milk"
827,"Bread,Milk"
828,"Cheese,Eggs"
829,"Butter,Jam,Beer,Coke,Milk"
830,"Eggs,Beer"
831,"Bread,Diaper,Beer"
832,"Butter,Jam,Diaper"
833,"Butter,Jam,Diaper,Cheese"
834,"Beer,Coke,Butter,Juice,Cheese"
835,"Cheese,Bread,Eggs"
836,"Diaper,Butter,Milk"
837,"Milk,Cheese,Juice"
838,"Butter,Jam,Beer,Cheese"
839,"Jam,Diaper,Juice"
840,"Jam,Milk,Butter"
841,"Beer,Jam"
842,"Jam,Beer,Coke,Cheese"
843,"Beer,Bread,Diaper,Cheese,Butter"
844,"Coke,Bread,Juice,Jam"
845,"Juice,Bread,Beer,Milk"
846,"Beer,Milk"
847,"Cheese,Bread"
848,"Butter,Beer"
849,"Jam,Butter,Juice,Eggs,Diaper"
850,"Coke,Jam"
851,"Diaper,Coke"
852,"Diaper,Jam,Butter,Beer"
853,"Cheese,Butter"
854,"Jam,Bread,Cheese,Coke"
855,"Diaper,Eggs,Juice,Coke,Bread"
856,"Milk,Beer,Diaper"
857,"Eggs,Beer,Diaper,Juice,Butter"
858,"Jam,Diaper,Bread,Beer,Butter"
859,"Milk,Butter,Jam,Eggs,Beer"
860,"Butter,Jam,Diaper,Eggs,Coke"
861,"Coke,Beer,Bread,Jam"
862,"Diaper,Milk"
863,"Bread,Juice,Coke"
864,"Butter,Juice"
865,"Juice,Coke"
866,"Milk,Eggs,Coke,Bread,Butter"
867,"Jam,Butter,Cheese,Diaper"
868,"Diaper,Juice,Coke,Eggs,Butter"
869,"Eggs,Diaper"
870,"Jam,Milk,Eggs,Juice,Beer"
871,"Bread,Beer,Jam,Juice,Milk"
872,"Jam,Butter,Cheese"
873,"Eggs,Jam,Diaper"
874,"Beer,Juice"
875,"Milk,Beer,Jam"
876,"Butter,Juice,Eggs,Milk,Cheese"
877,"Cheese,Juice,Jam,Milk,Beer"
878,"Cheese,Milk"
879,"Beer,Eggs,Juice,Butter,Bread"
880,"Beer,Juice,Jam,Cheese"
881,"Coke,Bread,Beer"
882,"Bread,Coke,Jam"
883,"Cheese,Coke,Eggs,Milk,Jam"
884,"Coke,Juice"
885,"Jam,Coke,Eggs,Juice,Cheese"
886,"Beer,Cheese"
887,"Milk,Bread,Beer,Juice,Eggs"
888,"Beer,Eggs,Coke"
889,"Juice,Butter,Jam"
890,"Jam,Coke,Diaper,Cheese"
891,"Butter,Milk,Eggs,Bread,Jam"
892,"Beer,Coke,Eggs,Cheese"
893,"Juice,Diaper,Eggs,Beer,Butter"
894,"Jam,Bread"
895,"Bread,Cheese,Butter,Eggs,Jam"
896,"Bread,Jam,Diaper"
897,"Milk,Eggs,Beer,Butter"
898,"Butter,Eggs,Diaper"
899,"Bread,Milk"
900,"Bread,Juice,Diaper,Coke"
901,"Juice,Butter,Beer,Diaper,Bread"
902,"Jam,Bread,Butter"
903,"Bread,Milk,Diaper,Jam,Eggs"
904,"Jam,Eggs,Beer,Milk,Bread"
905,"Juice,Coke"
906,"Bread,Milk"
907,"Milk,Jam,Eggs,Coke,Butter"
908,"Cheese,Diaper,Juice,Beer,Bread"
909,"Cheese,Beer,Butter,Diaper,Juice"
910,"Cheese,Eggs,Beer,Diaper,Butter"
911,"Cheese,Jam,Butter,Eggs"
912,"Beer,Bread,Diaper,Juice,Milk"
913,"Jam,Cheese"
914,"Coke,Beer,Bread,Butter,Milk"
915,"Cheese,Jam,Juice,Milk"
916,"Eggs,Milk,Coke,Juice,Cheese"
917,"Diaper,Butter,Beer,Milk,Eggs"
918,"Diaper,Coke,Beer,Jam"
919,"Milk,Beer,Diaper,Jam"
920,"Bread,Coke,Beer,Diaper,Butter"
921,"Jam,Eggs,Milk,Cheese"
922,"Jam,Bread,Eggs,Butter,Diaper"
923,"Cheese,Jam,Beer,Butter"
924,"Butter,Coke"
925,"Jam,Diaper,Butter,Eggs,Cheese"
926,"Eggs,Juice,Butter,Milk"
927,"Jam,Diaper"
928,"Diaper,Juice,Milk,Beer,Eggs"
929,"Butter,Eggs,Milk,Jam"
930,"Milk,Cheese,Beer"
931,"Diaper,Juice"
932,"Butter,Eggs"
933,"Milk,Juice,Diaper,Eggs,Beer"
934,"Milk,Bread"
935,"Cheese,Butter,Jam"
936,"Eggs,Juice,Bread,Diaper,Coke"
937,"Diaper,Milk"
938,"Juice,Eggs"
939,"Beer,Diaper"
940,"Butter,Jam"
941,"Milk,Butter,Juice,Diaper,Jam"
942,"Jam,Beer,Coke,Juice"
943,"Jam,Butter,Beer"
944,"Bread,Eggs,Coke,Butter"
945,"Cheese,Bread,Diaper,Beer,Coke"
946,"Bread,Eggs,Milk,Beer,Coke"
947,"Coke,Butter,Jam,Juice"
948,"Coke,Eggs,Beer"
949,"Eggs,Jam,Bread,Diaper"
950,"Bread,Diaper,Cheese"
951,"Bread,Diaper,Beer,Juice"
952,"Butter,Jam,Coke,Eggs,Beer"
953,"Butter,Juice,Coke,Beer"
954,"Coke,Diaper,Juice,Cheese,Milk"
955,"Butter,Diaper"
956,"Bread,Beer,Coke,Eggs,Cheese"
957,"Butter,Diaper,Cheese"
958,"Jam,Coke,Milk"
959,"Eggs,Jam,Bread,Milk"
960,"Cheese,Butter,Eggs,Bread"
961,"Milk,Cheese,Jam,Diaper,Butter"
962,"Coke,Jam,Eggs,Beer"
963,"Beer,Jam,Butter"
964,"Beer,Jam,Bread,Eggs"
965,"Jam,Milk"
966,"Eggs,Bread,Butter,Cheese"
967,"Diaper,Jam"
968,"Jam,Diaper,Cheese"
969,"Diaper,Butter"
970,"Eggs,Milk,Bread,Juice,Coke"
971,"Bread,Coke"
972,"Diaper,Butter,Milk,Cheese"
973,"Beer,Diaper,Coke,Juice"
974,"Coke,Diaper"
975,"Bread,Beer"
976,"Bread,Juice,Butter"
977,"Jam,Juice,Diaper,Butter,Milk"
978,"Jam,Coke"
979,"Butter,Juice,Eggs,Milk,Jam"
980,"Butter,Eggs"
981,"Coke,Eggs,Beer,Juice"
982,"Cheese,Butter,Coke"
983,"Eggs,Cheese"
984,"Bread,Beer,Eggs"
985,"Juice,Diaper"
986,"Diaper,Jam,Eggs,Juice,Cheese"
987,"Beer,Cheese"
988,"Eggs,Beer,Jam,Milk"
989,"Cheese,Butter"
990,"Juice,Diaper,Butter,Beer"
991,"Beer,Cheese"
992,"Diaper,Butter,Beer,Juice,Milk"
993,"Juice,Bread,Beer,Coke"
994,"Butter,Eggs"
995,"Eggs,Butter,Cheese"
996,"Diaper,Cheese,Coke,Bread"
997,"Jam,Beer,Juice"
998,"Diaper,Coke,Milk,Butter,Bread"
999,"Beer,Coke,Eggs,Diaper,Butter"
1000,"Bread,Juice,Beer"
1001,"Cheese,Beer,Diaper,Eggs"
1002,"Butter,Beer"
1003,"Cheese,Bread"
1004,"Juice,Cheese"
1005,"Butter,Eggs"
1006,"Milk,Beer"
1007,"Milk,Coke,Butter"
1008,"Bread,Juice,Diaper,Cheese,Coke"
1009,"Eggs,Jam"
1010,"Milk,Bread"
1011,"Cheese,Bread,Beer,Jam"
1012,"Beer,Cheese,Jam"
1013,"Beer,Jam,Diaper,Juice"
1014,"Jam,Beer,Milk,Cheese,Coke"
1015,"Coke,Cheese"
1016,"Juice,Diaper,Coke,Cheese,Milk"
1017,"Bread,Coke"
1018,"Cheese,Butter,Milk,Bread,Jam"
1019,"Beer,Jam,Eggs"
1020,"Milk,Coke,Juice,Cheese,Eggs"
1021,"Eggs,Beer,Bread,Juice"
1022,"Juice,Jam,Coke,Diaper,Butter"
1023,"Bread,Milk,Coke,Juice"
1024,"Juice,Jam,Eggs"
1025,"Coke,Diaper,Eggs,Jam"
1026,"Milk,Bread,Butter"
1027,"Eggs,Diaper"
1028,"Jam,Beer,Butter,Bread,Coke"
1029,"Bread,Milk"
1030,"Bread,Diaper,Eggs,Cheese,Butter"
1031,"Coke,Cheese,Bread"
1032,"Eggs,Juice"
1033,"Bread,Coke,Milk"
1034,"Cheese,Juice"
1035,"Diaper,Juice,Beer"
1036,"Beer,Coke,Eggs,Milk,Bread"
1037,"Jam,Beer,Butter"
1038,"Milk,Beer,Eggs,Diaper,Cheese"
1039,"Juice,Jam,Diaper,Milk,Coke"
1040,"Milk,Cheese,Juice"
1041,"Butter,Eggs,Beer,Milk,Diaper"
1042,"Beer,Butter,Bread,Diaper"
1043,"Eggs,Beer,Milk,Bread"
1044,"Cheese,Beer,Milk,Diaper"
1045,"Coke,Cheese"
1046,"Milk,Bread,Cheese"
1047,"Butter,Beer,Milk,Eggs"
1048,"Eggs,Butter,Milk,Juice"
1049,"Jam,Bread,Milk,Eggs,Juice"
1050,"Beer,Eggs,Butter,Bread,Juice"
1051,"Butter,Juice,Eggs"
1052,"Bread,Juice,Butter,Diaper,Eggs"
1053,"Jam,Beer,Bread,Eggs"
1054,"Coke,Milk,Bread"
1055,"Diaper,Cheese,Beer,Eggs,Coke"
1056,"Beer,Butter"
1057,"Milk,Coke,Juice,Jam,Beer"
1058,"Cheese,Butter,Beer,Jam"
1059,"Juice,Jam,Eggs"
1060,"Milk,Bread"
1061,"Eggs,Juice,Coke,Butter"
1062,"Eggs,Juice,Jam"
1063,"Milk,Bread,Eggs"
1064,"Diaper,Juice,Milk,Eggs"
1065,"Diaper,Milk,Eggs,Coke,Cheese"
1066,"Milk,Beer"
1067,"Milk,Eggs,Jam"
1068,"Cheese,Butter,Diaper"
1069,"Eggs,Juice,Bread,Coke,Jam"
1070,"Butter,Coke"
1071,"Beer,Bread"
1072,"Bread,Milk,Beer,Butter"
1073,"Coke,Jam"
1074,"Diaper,Beer,Coke"
1075,"Butter,Eggs,Jam,Cheese"
1076,"Jam,Eggs,Butter"
1077,"Beer,Eggs,Milk"
1078,"Diaper,Coke,Milk,Bread"
1079,"Coke,Beer,Bread,Eggs"
1080,"Bread,Juice"
1081,"Eggs,Beer,Diaper,Milk"
1082,"Diaper,Butter,Eggs,Cheese"
1083,"Cheese,Butter"
1084,"Milk,Juice,Jam"
1085,"Butter,Diaper,Juice,Beer,Bread"
1086,"Eggs,Coke,Beer"
1087,"Beer,Eggs,Coke,Bread"
1088,"Milk,Beer,Bread"
1089,"Coke,Butter"
1090,"Beer,Butter,Diaper,Coke,Bread"
1091,"Butter,Juice,Bread,Cheese,Diaper"
1092,"Diaper,Jam,Milk,Butter"
1093,"Beer,Juice"
1094,"Diaper,Juice,Butter"
1095,"Diaper,Jam"
1096,"Diaper,Cheese,Bread,Milk"
1097,"Bread,Juice,Milk"
1098,"Juice,Milk,Bread"
1099,"Coke,Diaper,Milk,Beer,Bread"
1100,"Juice,Bread,Coke,Butter"
1101,"Jam,Eggs"
1102,"Milk,Jam,Juice"
1103,"Coke,Bread,Diaper,Eggs"
1104,"Eggs,Milk,Cheese"
1105,"Beer,Cheese,Jam,Juice,Bread"
1106,"Milk,Cheese,Jam,Butter"
1107,"Coke,Beer,Bread,Diaper"
1108,"Beer,Jam"
1109,"Bread,Coke,Jam,Butter,Juice"
1110,"Cheese,Jam,Eggs"
1111,"Beer,Bread"
1112,"Eggs,Bread,Cheese,Milk,Butter"
1113,"Milk,Bread,Jam"
1114,"Eggs,Juice,Coke,Diaper"
1115,"Cheese,Milk,Butter"
1116,"Eggs,Jam,Juice,Diaper"
1117,"Butter,Eggs,Beer,Cheese"
1118,"Bread,Beer"
1119,"Juice,Beer,Bread"
1120,"Juice,Diaper,Cheese,Butter,Milk"
1121,"Beer,Coke,Jam"
1122,"Butter,Diaper,Jam,Bread"
1123,"Cheese,Butter"
1124,"Milk,Eggs"
1125,"Cheese,Milk,Jam,Juice,Beer"
1126,"Coke,Beer,Butter,Eggs"
1127,"Cheese,Butter,Juice,Coke,Eggs"
1128,"Beer,Juice,Coke,Jam,Butter"
1129,"Juice,Coke,Butter,Jam,Milk"
1130,"Jam,Bread,Cheese,Coke,Beer"
1131,"Eggs,Diaper"
1132,"Diaper,Juice"
1133,"Beer,Jam,Bread,Eggs,Butter"
1134,"Jam,Beer,Milk"
1135,"Butter,Coke"
1136,"Diaper,Eggs,Bread,Coke"
1137,"Milk,Butter"
1138,"Beer,Butter,Juice"
1139,"Butter,Coke,Milk"
1140,"Butter,Bread"
1141,"Butter,Jam,Eggs,Beer,Bread"
1142,"Milk,Beer,Cheese"
1143,"Beer,Juice,Diaper,Butter,Milk"
1144,"Diaper,Jam"
1145,"Coke,Diaper,Cheese,Jam,Juice"
1146,"Cheese,Diaper,Juice,Beer,Bread"
1147,"Milk,Butter,Bread,Beer"
1148,"Beer,Coke,Jam,Milk"
1149,"Beer,Bread"
1150,"Bread,Milk,Cheese,Beer,Diaper"
1151,"Beer,Diaper,Butter"
1152,"Milk,Coke,Butter,Eggs"
1153,"Butter,Juice"
1154,"Eggs,Beer,Bread"
1155,"Beer,Coke,Diaper,Bread"
1156,"Diaper,Butter"
1157,"Eggs,Beer,Bread,Jam,Cheese"
1158,"Bread,Coke,Diaper"
1159,"Beer,Butter,Juice"
1160,"Coke,Diaper"
1161,"Beer,Juice"
1162,"Butter,Coke"
1163,"Jam,Juice,Milk,Beer,Coke"
1164,"Cheese,Jam,Beer,Eggs"
1165,"Coke,Juice"
1166,"Eggs,Bread,Butter,Milk,Juice"
1167,"Cheese,Juice,Eggs,Bread"
1168,"Eggs,Coke,Juice,Milk,Diaper"
1169,"Coke,Diaper,Juice,Butter,Beer"
1170,"Eggs,Diaper,Beer,Jam"
1171,"Jam,Butter"
1172,"Butter,Diaper,Beer"
1173,"Beer,Jam,Juice,Eggs,Cheese"
1174,"Coke,Butter,Bread"
1175,"Beer,Cheese"
1176,"Milk,Coke,Juice,Jam,Bread"
1177,"Diaper,Cheese"
1178,"Butter,Diaper,Eggs,Coke"
1179,"Beer,Jam,Butter"
1180,"Beer,Bread,Diaper,Milk"
1181,"Juice,Milk,Bread,Coke,Eggs"
1182,"Beer,Diaper,Butter,Juice,Cheese"
1183,"Juice,Bread,Butter,Jam,Milk"
1184,"Butter,Bread,Eggs"
1185,"Cheese,Jam,Coke,Diaper"
1186,"Diaper,Beer,Eggs"
1187,"Bread,Milk,Butter,Cheese"
1188,"Beer,Cheese,Jam,Juice,Eggs"
1189,"Diaper,Butter,Cheese"
1190,"Diaper,Cheese,Bread,Jam,Eggs"
1191,"Diaper,Bread,Cheese"
1192,"Coke,Eggs"
1193,"Diaper,Butter"
1194,"Juice,Cheese,Coke,Jam,Diaper"
1195,"Milk,Coke,Eggs"
1196,"Bread,Jam,Cheese,Beer,Juice"
1197,"Jam,Bread,Cheese,Juice"
1198,"Butter,Coke,Eggs,Jam"
1199,"Milk,Butter,Beer,Bread"
1200,"Eggs,Diaper,Beer,Milk"
1201,"Eggs,Jam,Butter,Cheese"
1202,"Butter,Milk,Beer"
1203,"Butter,Eggs,Jam,Cheese,Milk"
1204,"Diaper,Bread,Coke,Eggs,Cheese"
1205,"Butter,Beer,Juice"
1206,"Butter,Beer,Milk,Cheese"
1207,"Milk,Juice"
1208,"Jam,Beer,Butter"
1209,"Juice,Coke"
1210,"Beer,Diaper,Juice,Bread,Cheese"
1211,"Juice,Jam,Butter"
1212,"Cheese,Milk,Beer,Juice"
1213,"Cheese,Milk"
1214,"Jam,Milk,Diaper,Beer,Eggs"
1215,"Diaper,Coke,Beer,Eggs"
1216,"Juice,Butter"
1217,"Milk,Coke,Diaper,Butter,Eggs"
1218,"Milk,Jam"
1219,"Bread,Butter,Jam,Diaper"
1220,"Cheese,Bread"
1221,"Jam,Beer,Cheese"
1222,"Eggs,Cheese,Coke,Diaper"
1223,"Juice,Butter"
1224,"Beer,Coke,Diaper,Bread,Milk"
1225,"Bread,Juice,Eggs,Butter,Milk"
1226,"Juice,Eggs,Diaper"
1227,"Butter,Milk,Eggs,Bread,Coke"
1228,"Eggs,Butter"
1229,"Juice,Eggs,Diaper,Bread,Beer"
1230,"Juice,Eggs,Bread"
1231,"Jam,Cheese,Bread,Beer,Eggs"
1232,"Butter,Coke,Eggs,Cheese"
1233,"Milk,Cheese,Diaper"
1234,"Butter,Jam"
1235,"Diaper,Butter,Milk,Beer"
1236,"Bread,Butter,Cheese,Milk"
1237,"Beer,Butter"
1238,"Eggs,Beer,Butter,Milk,Jam"
1239,"Diaper,Milk"
1240,"Jam,Cheese,Diaper,Eggs"
1241,"Eggs,Milk,Juice"
1242,"Diaper,Eggs"
1243,"Juice,Jam"
1244,"Juice,Butter,Eggs,Coke"
1245,"Jam,Diaper"
1246,"Cheese,Beer,Eggs,Coke,Milk"
1247,"Cheese,Butter,Juice"
1248,"Cheese,Milk,Bread,Juice,Beer"
1249,"Jam,Butter,Juice,Coke,Milk"
1250,"Diaper,Butter,Bread,Eggs,Coke"
1251,"Bread,Cheese,Beer,Coke,Butter"
1252,"Jam,Butter,Cheese"
1253,"Eggs,Butter,Milk"
1254,"Eggs,Jam,Cheese"
1255,"Butter,Coke"
1256,"Jam,Coke"
1257,"Bread,Coke,Milk,Juice"
1258,"Coke,Juice,Diaper,Bread,Beer"
1259,"Juice,Coke,Cheese"
1260,"Beer,Coke,Bread,Juice,Milk"
1261,"Coke,Juice,Jam,Butter"
1262,"Coke,Cheese"
1263,"Milk,Bread,Cheese,Coke,Eggs"
1264,"Bread,Jam"
1265,"Coke,Beer"
1266,"Jam,Coke,Milk,Bread,Diaper"
1267,"Jam,Diaper,Milk"
1268,"Beer,Eggs,Diaper,Butter,Jam"
1269,"Juice,Beer,Milk,Eggs,Coke"
1270,"Coke,Eggs,Beer,Diaper,Butter"
1271,"Milk,Coke,Beer,Cheese,Bread"
1272,"Butter,Cheese,Eggs,Bread"
1273,"Cheese,Butter,Bread"
1274,"Diaper,Bread"
1275,"Beer,Cheese,Jam,Juice,Milk"
1276,"Bread,Diaper,Eggs,Juice"
1277,"Juice,Coke"
1278,"Diaper,Juice,Butter"
1279,"Butter,Diaper,Cheese,Milk"
1280,"Bread,Juice"
1281,"Diaper,Beer,Cheese,Juice,Coke"
1282,"Coke,Bread,Eggs,Juice,Jam"
1283,"Jam,Butter,Milk,Eggs"
1284,"Eggs,Beer,Juice,Bread"
1285,"Jam,Butter,Juice,Eggs"
1286,"Diaper,Juice,Coke"
1287,"Butter,Juice,Eggs"
1288,"Beer,Bread,Juice,Jam,Milk"
1289,"Beer,Milk,Eggs,Jam,Coke"
1290,"Milk,Beer,Coke,Cheese"
1291,"Jam,Eggs,Coke"
1292,"Coke,Eggs"
1293,"Coke,Bread,Butter,Cheese"
1294,"Jam,Eggs,Butter,Cheese,Diaper"
1295,"Butter,Jam,Beer,Eggs"
1296,"Bread,Beer,Diaper"
1297,"Milk,Eggs,Cheese,Bread,Coke"
1298,"Butter,Eggs,Bread,Beer,Jam"
1299,"Butter,Jam,Cheese"
1300,"Beer,Diaper,Jam"
1301,"Eggs,Butter"
1302,"Juice,Coke,Cheese,Diaper"
1303,"Juice,Butter,Jam,Diaper,Cheese"
1304,"Bread,Juice,Milk"
1305,"Diaper,Milk,Butter,Eggs"
1306,"Eggs,Bread,Beer,Juice"
1307,"Cheese,Bread,Jam,Beer,Juice"
1308,"Milk,Eggs,Beer"
1309,"Milk,Butter"
1310,"Beer,Jam,Milk,Juice"
1311,"Bread,Beer,Juice"
1312,"Coke,Juice,Diaper,Eggs"
1313,"Jam,Bread,Milk"
1314,"Coke,Jam,Bread,Butter"
1315,"Juice,Jam,Beer,Eggs"
1316,"Milk,Beer"
1317,"Milk,Juice,Beer,Diaper"
1318,"Milk,Diaper,Juice,Jam,Bread"
1319,"Coke,Juice"
1320,"Bread,Cheese"
1321,"Juice,Milk,Butter"
1322,"Eggs,Juice"
1323,"Cheese,Jam"
1324,"Cheese,Eggs,Coke,Jam"
1325,"Bread,Jam,Coke,Diaper"
1326,"Butter,Bread,Coke,Milk,Beer"
1327,"Eggs,Diaper,Coke,Bread,Beer"
1328,"Eggs,Diaper"
1329,"Diaper,Beer,Milk,Juice"
1330,"Bread,Eggs"
1331,"Bread,Milk"
1332,"Bread,Jam,Cheese"
1333,"Milk,Coke,Eggs"
1334,"Diaper,Juice"
1335,"Eggs,Milk"
1336,"Jam,Cheese,Juice,Milk"
1337,"Bread,Eggs,Diaper,Coke,Jam"
1338,"Coke,Beer,Diaper,Cheese,Eggs"
1339,"Coke,Eggs,Juice,Jam"
1340,"Beer,Jam"
1341,"Beer,Jam,Coke,Eggs,Bread"
1342,"Cheese,Diaper,Juice,Milk,Butter"
1343,"Eggs,Butter,Bread,Coke,Jam"
1344,"Bread,Coke"
1345,"Diaper,Eggs,Cheese,Milk,Bread"
1346,"Milk,Eggs,Beer"
1347,"Beer,Milk,Coke"
1348,"Coke,Jam,Juice"
1349,"Cheese,Juice,Milk,Diaper"
1350,"Diaper,Beer"
1351,"Cheese,Coke,Juice"
1352,"Coke,Juice,Bread"
1353,"Cheese,Diaper"
1354,"Bread,Butter"
1355,"Jam,Butter,Cheese,Coke,Eggs"
1356,"Beer,Cheese"
1357,"Bread,Milk,Diaper"
1358,"Juice,Coke,Cheese"
1359,"Cheese,Eggs,Milk"
1360,"Jam,Butter,Eggs,Coke,Bread"
1361,"Diaper,Jam,Butter,Bread"
1362,"Jam,Milk,Beer"
1363,"Beer,Eggs,Coke,Diaper"
1364,"Diaper,Coke"
1365,"Milk,Juice,Jam,Eggs"
1366,"Butter,Cheese,Jam,Beer,Eggs"
1367,"Cheese,Butter,Jam,Milk"
1368,"Coke,Jam,Juice"
1369,"Coke,Beer,Cheese,Eggs"
1370,"Beer,Jam,Juice"
1371,"Beer,Eggs,Milk"
1372,"Bread,Cheese,Beer,Juice"
1373,"Diaper,Beer,Eggs,Coke,Jam"
1374,"Eggs,Butter,Jam"
1375,"Beer,Eggs,Cheese,Juice,Diaper"
1376,"Butter,Eggs"
1377,"Beer,Jam,Milk,Diaper"
1378,"Jam,Butter"
1379,"Butter,Coke"
1380,"Butter,Juice,Bread,Milk,Beer"
1381,"Jam,Cheese"
1382,"Milk,Bread"
1383,"Juice,Jam,Eggs,Diaper"
1384,"Jam,Butter,Bread,Cheese"
1385,"Coke,Jam,Cheese,Juice,Bread"
1386,"Beer,Jam"
1387,"Milk,Cheese,Jam"
1388,"Milk,Cheese"
1389,"Coke,Beer,Diaper,Jam"
1390,"Beer,Bread"
1391,"Juice,Butter,Eggs,Cheese"
1392,"Cheese,Butter,Diaper,Beer,Milk"
1393,"Coke,Diaper,Jam"
1394,"Butter,Coke,Jam,Beer"
1395,"Bread,Jam,Eggs,Butter,Cheese"
1396,"Diaper,Beer,Milk,Cheese"
1397,"Butter,Diaper,Beer,Milk"
1398,"Milk,Juice,Beer"
1399,"Coke,Bread"
1400,"Jam,Butter,Diaper,Coke"
1401,"Beer,Cheese,Eggs,Jam"
1402,"Eggs,Bread"
1403,"Bread,Eggs,Beer,Juice,Butter"
1404,"Cheese,Diaper"
1405,"Diaper,Beer,Coke,Eggs"
1406,"Eggs,Coke,Cheese,Jam,Bread"
1407,"Cheese,Jam,Juice,Diaper"
1408,"Diaper,Juice,Coke"
1409,"Juice,Cheese,Coke,Beer"
1410,"Milk,Juice"
1411,"Eggs,Beer,Juice,Cheese,Butter"
1412,"Juice,Diaper,Butter"
1413,"Coke,Milk,Eggs"
1414,"Coke,Jam"
1415,"Coke,Beer,Bread,Diaper,Butter"
1416,"Coke,Juice,Diaper,Cheese,Jam"
1417,"Jam,Milk,Beer"
1418,"Coke,Milk,Butter"
1419,"Milk,Bread,Coke,Juice,Diaper"
1420,"Eggs,Beer"
1421,"Milk,Juice,Beer"
1422,"Diaper,Jam"
1423,"Bread,Beer"
1424,"Diaper,Juice,Bread,Eggs"
1425,"Jam,Diaper"
1426,"Eggs,Bread"
1427,"Coke,Bread,Eggs,Cheese"
1428,"Butter,Diaper,Bread,Cheese"
1429,"Bread,Milk,Cheese,Jam"
1430,"Cheese,Eggs,Butter,Milk"
1431,"Cheese,Juice,Jam,Beer"
1432,"Bread,Beer,Coke,Juice"
1433,"Juice,Eggs,Bread,Jam,Butter"
1434,"Juice,Eggs,Coke"
1435,"Bread,Coke,Beer"
1436,"Beer,Butter,Diaper,Milk,Juice"
1437,"Coke,Juice,Jam"
1438,"Diaper,Milk,Jam,Beer"
1439,"Milk,Cheese"
1440,"Butter,Bread,Milk,Beer,Coke"
1441,"Beer,Bread,Milk"
1442,"Diaper,Juice,Jam,Eggs"
1443,"Butter,Milk,Cheese,Juice"
1444,"Bread,Butter"
1445,"Butter,Beer"
1446,"Diaper,Bread,Cheese,Beer"
1447,"Bread,Butter,Diaper"
1448,"Cheese,Beer,Juice,Jam,Milk"
1449,"Butter,Cheese"
1450,"Beer,Juice,Diaper,Eggs,Jam"
1451,"Bread,Diaper"
1452,"Eggs,Cheese"
1453,"Cheese,Diaper"
1454,"Beer,Diaper,Juice"
1455,"Eggs,Bread,Jam"
1456,"Butter,Diaper,Juice,Jam,Beer"
1457,"Diaper,Butter,Jam,Milk,Coke"
1458,"Eggs,Diaper,Milk,Jam,Butter"
1459,"Diaper,Coke,Jam,Cheese,Milk"
1460,"Coke,Butter,Eggs,Juice"
1461,"Cheese,Butter,Eggs"
1462,"Cheese,Coke,Butter,Milk,Diaper"
1463,"Diaper,Juice,Coke"
1464,"Cheese,Butter,Milk,Bread,Beer"
1465,"Eggs,Beer,Butter,Cheese"
1466,"Milk,Coke,Jam"
1467,"Eggs,Juice,Beer"
1468,"Cheese,Bread,Beer,Coke,Jam"
1469,"Diaper,Jam"
1470,"Beer,Bread,Coke"
1471,"Jam,Milk,Juice,Beer,Butter"
1472,"Bread,Butter,Coke,Diaper,Juice"
1473,"Cheese,Diaper,Milk,Butter,Bread"
1474,"Milk,Jam,Juice,Bread"
1475,"Eggs,Butter,Milk,Juice,Cheese"
1476,"Beer,Eggs,Cheese,Jam,Diaper"
1477,"Diaper,Cheese,Milk"
1478,"Juice,Cheese"
1479,"Cheese,Jam,Diaper"
1480,"Bread,Diaper,Jam,Butter"
1481,"Jam,Juice,Milk"
1482,"Eggs,Butter,Juice"
1483,"Diaper,Milk,Cheese,Coke,Bread"
1484,"Cheese,Eggs,Jam,Juice"
1485,"Jam,Diaper,Milk,Juice"
1486,"Jam,Diaper"
1487,"Milk,Eggs,Butter"
1488,"Cheese,Diaper,Juice,Jam,Beer"
1489,"Cheese,Milk"
1490,"Eggs,Bread"
1491,"Jam,Eggs"
1492,"Beer,Jam,Bread,Coke"
1493,"Milk,Bread"
1494,"Juice,Coke,Eggs,Jam"
1495,"Jam,Eggs"
1496,"Beer,Coke,Bread,Jam"
1497,"Cheese,Diaper,Bread,Milk"
1498,"Milk,Beer"
1499,"Bread,Milk,Diaper,Juice"
1500,"Juice,Diaper,Bread,Coke"
1501,"Eggs,Milk,Bread"
1502,"Cheese,Butter"
1503,"Coke,Cheese"
1504,"Diaper,Coke,Milk,Juice,Jam"
1505,"Juice,Beer,Milk"
1506,"Jam,Milk"
1507,"Jam,Diaper,Bread,Eggs,Butter"
1508,"Eggs,Butter"
1509,"Milk,Diaper,Coke,Butter,Juice"
1510,"Milk,Juice"
1511,"Milk,Diaper,Eggs"
1512,"Cheese,Bread,Milk"
1513,"Juice,Beer,Cheese,Milk"
1514,"Bread,Cheese"
1515,"Bread,Jam,Milk"
1516,"Beer,Jam"
1517,"Coke,Juice,Jam,Cheese,Butter"
1518,"Beer,Jam,Diaper,Juice,Cheese"
1519,"Milk,Butter"
1520,"Jam,Cheese,Milk"
1521,"Juice,Butter,Beer"
1522,"Coke,Diaper"
1523,"Butter,Beer"
1524,"Diaper,Coke,Jam,Beer"
1525,"Butter,Diaper,Jam,Milk,Coke"
1526,"Diaper,Milk,Cheese"
1527,"Coke,Cheese,Juice,Eggs,Bread"
1528,"Bread,Juice,Beer,Milk"
1529,"Milk,Diaper"
1530,"Juice,Cheese"
1531,"Eggs,Milk,Jam"
1532,"Cheese,Diaper,Bread,Butter"
1533,"Butter,Coke,Cheese,Diaper"
1534,"Butter,Eggs,Coke,Jam"
1535,"Eggs,Coke,Bread,Beer,Milk"
1536,"Milk,Beer"
1537,"Cheese,Bread"
1538,"Bread,Juice,Cheese,Beer"
1539,"Jam,Cheese"
1540,"Diaper,Butter,Milk,Bread"
1541,"Butter,Juice,Beer,Coke,Cheese"
1542,"Juice,Cheese,Jam,Coke"
1543,"Butter,Cheese,Jam,Diaper,Eggs"
1544,"Juice,Milk,Jam,Diaper,Beer"
1545,"Butter,Coke"
1546,"Jam,Milk"
1547,"Jam,Cheese"
1548,"Butter,Milk,Coke,Bread,Cheese"
1549,"Coke,Butter,Bread,Diaper"
1550,"Coke,Diaper,Butter"
1551,"Milk,Eggs,Bread,Butter,Coke"
1552,"Cheese,Beer,Bread,Butter,Jam"
1553,"Butter,Diaper,Coke"
1554,"Beer,Juice,Coke,Jam"
1555,"Bread,Beer,Diaper,Coke"
1556,"Coke,Jam,Eggs,Milk,Bread"
1557,"Butter,Milk,Coke"
1558,"Eggs,Milk,Bread,Juice,Beer"
1559,"Cheese,Eggs,Diaper,Milk,Juice"
1560,"Juice,Cheese"
1561,"Milk,Cheese,Juice"
1562,"Jam,Juice,Coke,Milk,Butter"
1563,"Beer,Cheese,Coke,Eggs"
1564,"Butter,Coke,Eggs,Milk"
1565,"Butter,Diaper,Bread,Juice"
1566,"Butter,Jam,Milk,Beer"
1567,"Eggs,Jam"
1568,"Eggs,Bread,Beer,Jam,Coke"
1569,"Beer,Coke,Juice,Cheese"
1570,"Jam,Coke,Eggs,Butter"
1571,"Diaper,Coke,Cheese,Juice,Jam"
1572,"Eggs,Milk,Jam,Bread"
1573,"Diaper,Cheese,Jam"
1574,"Cheese,Milk"
1575,"Eggs,Butter,Bread"
1576,"Cheese,Milk,Jam"
1577,"Jam,Butter"
1578,"Milk,Bread,Coke"
1579,"Juice,Jam,Bread,Beer,Butter"
1580,"Bread,Jam"
1581,"Juice,Jam,Eggs,Butter,Beer"
1582,"Jam,Eggs,Butter,Beer"
1583,"Jam,Diaper"
1584,"Bread,Jam,Milk,Butter,Cheese"
1585,"Beer,Diaper,Coke,Milk,Cheese"
1586,"Jam,Butter"
1587,"Jam,Coke"
1588,"Juice,Beer"
1589,"Milk,Cheese,Jam,Butter,Juice"
1590,"Bread,Jam,Diaper"
1591,"Cheese,Eggs"
1592,"Cheese,Beer,Bread,Diaper"
1593,"Diaper,Eggs,Milk,Bread,Juice"
1594,"Coke,Butter,Cheese,Eggs"
1595,"Cheese,Eggs"
1596,"Cheese,Butter"
1597,"Jam,Butter,Diaper"
1598,"Diaper,Beer,Bread"
1599,"Coke,Milk,Bread"
1600,"Cheese,Milk,Bread,Eggs,Juice"
1601,"Milk,Bread,Butter,Jam"
1602,"Beer,Juice,Eggs"
1603,"Bread,Diaper"
1604,"Cheese,Butter,Juice,Jam"
1605,"Milk,Eggs,Jam"
1606,"Milk,Eggs,Jam,Bread"
1607,"Coke,Bread,Juice,Milk"
1608,"Butter,Cheese,Bread,Diaper,Coke"
1609,"Milk,Cheese,Beer,Diaper"
1610,"Eggs,Milk"
1611,"Diaper,Jam,Eggs"
1612,"Milk,Juice,Beer,Diaper"
1613,"Butter,Coke,Bread,Milk,Cheese"
1614,"Diaper,Eggs,Bread,Juice,Beer"
1615,"Juice,Milk,Coke,Butter"
1616,"Milk,Coke,Jam,Beer,Diaper"
1617,"Juice,Milk"
1618,"Milk,Beer"
1619,"Butter,Cheese,Eggs,Beer"
1620,"Bread,Eggs"
1621,"Beer,Butter,Jam"
1622,"Butter,Milk"
1623,"Cheese,Beer,Milk,Juice"
1624,"Bread,Coke"
1625,"Milk,Butter,Bread,Eggs"
1626,"Jam,Diaper,Bread"
1627,"Eggs,Cheese,Diaper,Bread,Butter"
1628,"Cheese,Beer,Jam,Milk"
1629,"Milk,Juice,Diaper,Jam"
1630,"Beer,Coke,Jam"
1631,"Bread,Butter,Coke,Cheese"
1632,"Cheese,Eggs"
1633,"Cheese,Coke,Beer,Jam,Butter"
1634,"Diaper,Juice"
1635,"Coke,Butter,Milk,Juice"
1636,"Cheese,Beer,Jam,Coke"
1637,"Eggs,Beer"
1638,"Diaper,Cheese,Milk,Butter"
1639,"Bread,Butter,Beer,Milk,Juice"
1640,"Milk,Eggs,Bread"
1641,"Coke,Juice,Jam,Butter,Cheese"
1642,"Beer,Coke"
1643,"Juice,Cheese,Coke,Diaper,Jam"
1644,"Diaper,Jam,Cheese,Juice"
1645,"Butter,Diaper"
1646,"Diaper,Cheese,Beer,Jam"
1647,"Cheese,Milk,Beer,Bread"
1648,"Butter,Diaper,Milk,Cheese"
1649,"Diaper,Beer,Coke"
1650,"Jam,Cheese,Eggs"
1651,"Diaper,Butter,Eggs,Bread,Jam"
1652,"Milk,Eggs,Butter,Jam,Bread"
1653,"Milk,Diaper,Butter,Eggs"
1654,"Butter,Diaper,Cheese"
1655,"Bread,Jam,Diaper,Cheese"
1656,"Eggs,Butter"
1657,"Cheese,Bread,Juice"
1658,"Beer,Eggs,Coke,Cheese,Bread"
1659,"Jam,Juice,Bread"
1660,"Eggs,Cheese"
1661,"Diaper,Coke,Cheese,Bread,Jam"
1662,"Cheese,Coke,Butter,Bread"
1663,"Beer,Jam,Bread,Milk,Juice"
1664,"Juice,Milk,Bread,Cheese,Coke"
1665,"Jam,Milk,Butter"
1666,"Butter,Diaper"
1667,"Juice,Beer,Milk,Cheese,Eggs"
1668,"Beer,Milk,Coke"
1669,"Jam,Milk,Cheese,Juice"
1670,"Cheese,Coke"
1671,"Jam,Milk,Bread,Eggs,Cheese"
1672,"Milk,Coke"
1673,"Milk,Butter,Eggs,Cheese"
1674,"Juice,Cheese,Butter,Beer"
1675,"Bread,Juice,Coke"
1676,"Bread,Beer,Jam,Diaper"
1677,"Butter,Coke"
1678,"Juice,Beer"
1679,"Beer,Cheese,Coke"
1680,"Beer,Juice,Cheese,Butter,Jam"
1681,"Butter,Diaper,Juice,Jam,Eggs"
1682,"Butter,Eggs,Jam"
1683,"Juice,Coke,Butter,Milk"
1684,"Bread,Beer,Coke,Juice,Eggs"
1685,"Jam,Coke"
1686,"Cheese,Diaper,Coke,Juice,Eggs"
1687,"Coke,Jam,Cheese,Butter,Milk"
1688,"Eggs,Beer,Jam,Juice,Butter"
1689,"Juice,Milk"
1690,"Juice,Jam,Butter,Beer"
1691,"Jam,Cheese,Bread,Beer"
1692,"Milk,Bread"
1693,"Coke,Milk,Cheese"
1694,"Milk,Butter,Juice"
1695,"Coke,Beer,Milk"
1696,"Coke,Milk"
1697,"Milk,Bread"
1698,"Jam,Bread"
1699,"Eggs,Diaper"
1700,"Diaper,Milk,Juice,Jam"
1701,"Milk,Butter,Diaper,Coke,Juice"
1702,"Bread,Milk,Butter,Juice"
1703,"Butter,Bread,Cheese,Coke"
1704,"Coke,Beer,Bread"
1705,"Milk,Diaper,Cheese"
1706,"Coke,Milk,Bread,Diaper"
1707,"Eggs,Cheese,Diaper,Milk,Jam"
1708,"Bread,Butter,Jam,Milk,Cheese"
1709,"Coke,Cheese"
1710,"Beer,Diaper,Juice,Butter,Jam"
1711,"Diaper,Eggs,Milk,Cheese"
1712,"Eggs,Butter,Milk,Coke"
1713,"Bread,Diaper"
1714,"Diaper,Jam,Coke,Juice,Beer"
1715,"Butter,Coke"
1716,"Milk,Diaper,Cheese,Juice,Bread"
1717,"Jam,Eggs,Milk,Butter,Beer"
1718,"Cheese,Coke,Milk,Jam"
1719,"Jam,Coke"
1720,"Jam,Juice,Milk,Eggs,Cheese"
1721,"Butter,Cheese"
1722,"Juice,Diaper,Beer"
1723,"Diaper,Eggs,Butter,Jam,Cheese"
1724,"Butter,Coke,Eggs,Juice"
1725,"Bread,Cheese,Jam,Eggs"
1726,"Bread,Milk,Diaper,Eggs,Coke"
1727,"Eggs,Milk"
1728,"Coke,Butter,Milk,Juice"
1729,"Juice,Diaper,Eggs,Cheese,Beer"
1730,"Bread,Jam,Diaper,Juice"
1731,"Juice,Diaper,Cheese"
1732,"Juice,Milk"
1733,"Beer,Eggs"
1734,"Beer,Juice,Milk,Coke"
1735,"Jam,Juice"
1736,"Eggs,Juice"
1737,"Butter,Juice,Diaper,Cheese,Beer"
1738,"Milk,Jam,Juice,Beer,Eggs"
1739,"Coke,Butter,Bread,Beer"
1740,"Milk,Coke,Beer,Diaper,Jam"
1741,"Milk,Cheese,Butter"
1742,"Jam,Butter,Juice"
1743,"Diaper,Cheese,Eggs,Bread,Milk"
1744,"Milk,Cheese"
1745,"Juice,Bread,Milk"
1746,"Beer,Milk,Juice,Eggs,Coke"
1747,"Jam,Beer,Diaper,Milk,Butter"
1748,"Jam,Eggs,Beer"
1749,"Jam,Diaper,Butter"
1750,"Bread,Juice,Eggs,Coke,Beer"
1751,"Butter,Milk,Cheese"
1752,"Coke,Diaper,Bread,Juice,Milk"
1753,"Jam,Bread"
1754,"Beer,Cheese,Jam"
1755,"Coke,Cheese,Juice,Bread,Jam"
1756,"Diaper,Beer,Butter,Eggs,Jam"
1757,"Beer,Cheese,Juice,Diaper"
1758,"Coke,Jam,Bread,Cheese"
1759,"Beer,Bread,Coke"
1760,"Beer,Juice,Butter,Eggs,Jam"
1761,"Butter,Coke,Milk"
1762,"Diaper,Jam"
1763,"Juice,Bread"
1764,"Juice,Butter"
1765,"Bread,Diaper,Cheese"
1766,"Milk,Butter,Coke,Juice,Eggs"
1767,"Bread,Diaper,Butter,Milk,Juice"
1768,"Butter,Coke,Cheese,Milk,Bread"
1769,"Juice,Bread,Cheese"
1770,"Diaper,Butter"
1771,"Diaper,Cheese,Bread"
1772,"Eggs,Coke,Juice,Beer,Bread"
1773,"Beer,Bread"
1774,"Diaper,Cheese,Juice,Milk,Bread"
1775,"Coke,Milk,Diaper,Cheese,Eggs"
1776,"Eggs,Coke,Jam,Butter"
1777,"Bread,Eggs,Milk,Cheese"
1778,"Jam,Bread,Diaper"
1779,"Cheese,Juice,Bread"
1780,"Coke,Diaper,Bread"
1781,"Juice,Diaper,Coke,Butter"
1782,"Diaper,Eggs"
1783,"Coke,Jam,Butter,Eggs"
1784,"Eggs,Butter"
1785,"Bread,Jam"
1786,"Juice,Butter,Milk,Jam,Beer"
1787,"Jam,Cheese"
1788,"Eggs,Beer,Bread,Cheese,Juice"
1789,"Diaper,Butter,Cheese,Eggs,Coke"
1790,"Beer,Bread"
1791,"Cheese,Eggs,Jam"
1792,"Cheese,Butter,Coke"
1793,"Beer,Diaper"
1794,"Butter,Jam"
1795,"Eggs,Diaper,Butter,Bread,Beer"
1796,"Coke,Diaper"
1797,"Cheese,Milk"
1798,"Milk,Bread,Diaper,Cheese"
1799,"Jam,Diaper,Coke"
1800,"Coke,Cheese,Eggs,Jam,Milk"
1801,"Jam,Cheese,Diaper"
1802,"Eggs,Coke"
1803,"Cheese,Butter"
1804,"Beer,Coke,Juice"
1805,"Beer,Cheese,Milk,Butter,Eggs"
1806,"Coke,Eggs"
1807,"Beer,Diaper,Eggs,Milk,Bread"
1808,"Coke,Butter,Jam,Beer"
1809,"Coke,Beer,Eggs,Bread"
1810,"Bread,Milk,Juice,Cheese"
1811,"Beer,Butter,Cheese,Diaper"
1812,"Jam,Eggs"
1813,"Juice,Butter,Diaper,Milk"
1814,"Jam,Beer,Milk"
1815,"Juice,Diaper,Jam,Milk,Coke"
1816,"Juice,Eggs,Beer,Cheese,Milk"
1817,"Milk,Diaper"
1818,"Bread,Eggs,Coke"
1819,"Coke,Milk,Beer"
1820,"Bread,Jam"
1821,"Coke,Eggs"
1822,"Butter,Milk"
1823,"Beer,Bread,Milk,Juice"
1824,"Cheese,Eggs,Beer,Juice"
1825,"Cheese,Jam"
1826,"Coke,Bread,Juice,Jam,Eggs"
1827,"Jam,Eggs,Beer,Diaper,Cheese"
1828,"Coke,Butter,Beer,Jam,Milk"
1829,"Juice,Diaper,Milk"
1830,"Milk,Coke,Diaper"
1831,"Bread,Coke,Jam"
1832,"Diaper,Eggs,Cheese"
1833,"Coke,Beer,Diaper,Butter"
1834,"Juice,Bread,Cheese,Diaper,Milk"
1835,"Eggs,Juice"
1836,"Butter,Eggs"
1837,"Cheese,Bread,Juice,Milk"
1838,"Cheese,Coke,Diaper"
1839,"Butter,Diaper,Eggs,Bread"
1840,"Diaper,Juice"
1841,"Coke,Butter,Diaper,Bread,Cheese"
1842,"Beer,Juice"
1843,"Beer,Eggs"
1844,"Juice,Coke"
1845,"Jam,Juice,Eggs,Bread"
1846,"Juice,Beer,Jam,Milk"
1847,"Eggs,Jam,Coke,Juice"
1848,"Butter,Diaper,Bread,Beer,Milk"
1849,"Bread,Beer,Coke,Cheese"
1850,"Cheese,Diaper,Beer,Butter,Milk"
1851,"Jam,Diaper,Coke,Juice"
1852,"Diaper,Coke,Butter,Bread,Beer"
1853,"Coke,Cheese"
1854,"Eggs,Beer,Milk"
1855,"Milk,Eggs,Diaper,Bread,Beer"
1856,"Eggs,Milk,Bread,Jam"
1857,"Diaper,Cheese,Eggs"
1858,"Butter,Coke,Juice,Beer,Jam"
1859,"Cheese,Eggs,Bread,Jam,Coke"
1860,"Bread,Beer"
1861,"Eggs,Butter,Diaper"
1862,"Juice,Coke,Cheese"
1863,"Beer,Milk,Eggs,Bread"
1864,"Coke,Cheese,Milk,Butter,Beer"
1865,"Juice,Beer,Eggs,Cheese"
1866,"Butter,Milk,Juice"
1867,"Cheese,Coke"
1868,"Eggs,Milk"
1869,"Cheese,Juice,Coke,Eggs"
1870,"Beer,Coke"
1871,"Eggs,Diaper"
1872,"Jam,Coke,Diaper,Beer,Eggs"
1873,"Milk,Bread"
1874,"Milk,Cheese,Coke,Beer"
1875,"Butter,Cheese,Diaper"
1876,"Juice,Milk,Eggs,Coke,Jam"
1877,"Bread,Coke"
1878,"Juice,Beer,Milk,Coke"
1879,"Butter,Bread,Coke"
1880,"Beer,Bread"
1881,"Jam,Cheese,Milk"
1882,"Diaper,Juice,Bread,Eggs"
1883,"Cheese,Juice,Diaper,Bread,Coke"
1884,"Diaper,Jam,Cheese"
1885,"Eggs,Butter,Beer"
1886,"Butter,Coke,Jam"
1887,"Coke,Butter,Jam"
1888,"Bread,Beer"
1889,"Juice,Beer,Diaper"
1890,"Juice,Jam,Cheese"
1891,"Jam,Eggs"
1892,"Bread,Milk,Eggs"
1893,"Jam,Juice,Cheese"
1894,"Beer,Bread,Diaper,Coke"
1895,"Coke,Eggs,Juice,Diaper"
1896,"Jam,Diaper,Eggs,Bread"
1897,"Milk,Juice"
1898,"Jam,Juice,Coke,Diaper,Butter"
1899,"Cheese,Juice"
1900,"Milk,Cheese,Butter,Bread,Diaper"
1901,"Cheese,Juice"
1902,"Bread,Butter,Cheese,Coke"
1903,"Milk,Juice"
1904,"Diaper,Juice,Bread,Cheese"
1905,"Cheese,Coke,Butter,Beer,Diaper"
1906,"Milk,Beer,Jam"
1907,"Juice,Diaper,Milk,Bread"
1908,"Coke,Bread,Beer,Cheese"
1909,"Jam,Coke"
1910,"Jam,Beer,Bread,Eggs"
1911,"Milk,Jam,Butter,Coke,Bread"
1912,"Coke,Cheese,Milk"
1913,"Eggs,Butter,Cheese"
1914,"Coke,Jam,Juice,Milk,Cheese"
1915,"Juice,Beer"
1916,"Milk,Jam,Diaper,Coke,Bread"
1917,"Eggs,Butter,Diaper,Milk"
1918,"Cheese,Juice"
1919,"Butter,Milk"
1920,"Beer,Jam,Diaper,Butter"
1921,"Diaper,Eggs,Jam"
1922,"Eggs,Beer,Bread"
1923,"Butter,Coke,Milk"
1924,"Jam,Bread"
1925,"Juice,Diaper,Cheese,Beer"
1926,"Jam,Milk,Juice,Cheese"
1927,"Juice,Eggs,Milk"
1928,"Cheese,Coke,Milk"
1929,"Cheese,Diaper,Coke,Milk,Jam"
1930,"Diaper,Beer,Cheese,Juice,Butter"
1931,"Cheese,Coke"
1932,"Eggs,Milk"
1933,"Bread,Cheese,Milk,Diaper"
1934,"Cheese,Diaper,Butter,Bread,Eggs"
1935,"Bread,Eggs,Coke,Butter,Jam"
1936,"Beer,Cheese,Juice"
1937,"Jam,Bread,Butter,Eggs,Cheese"
1938,"Butter,Juice,Bread"
1939,"Coke,Juice"
1940,"Bread,Eggs,Coke,Diaper,Jam"
1941,"Juice,Eggs,Butter,Diaper"
1942,"Jam,Butter,Coke"
1943,"Coke,Butter,Milk,Diaper"
1944,"Eggs,Bread,Milk"
1945,"Bread,Jam,Juice,Beer,Diaper"
1946,"Juice,Butter"
1947,"Juice,Butter,Eggs,Milk,Diaper"
1948,"Beer,Eggs,Butter,Bread,Jam"
1949,"Diaper,Coke,Bread,Milk"
1950,"Diaper,Butter,Coke,Milk,Cheese"
1951,"Jam,Coke,Butter,Cheese"
1952,"Coke,Beer"
1953,"Bread,Beer,Juice"
1954,"Beer,Coke,Butter"
1955,"Diaper,Cheese,Eggs,Bread,Milk"
1956,"Cheese,Juice,Coke,Bread"
1957,"Diaper,Jam"
1958,"Cheese,Juice,Diaper,Beer,Bread"
1959,"Diaper,Bread"
1960,"Diaper,Coke,Beer,Jam,Bread"
1961,"Beer,Diaper,Eggs,Coke,Jam"
1962,"Butter,Juice,Cheese,Bread"
1963,"Diaper,Butter,Coke,Bread,Milk"
1964,"Butter,Bread"
1965,"Diaper,Milk,Butter,Cheese"
1966,"Diaper,Coke"
1967,"Diaper,Butter,Milk,Juice"
1968,"Jam,Cheese"
1969,"Coke,Eggs,Diaper,Butter,Juice"
1970,"Coke,Milk,Bread,Jam"
1971,"Diaper,Coke,Bread"
1972,"Coke,Diaper"
1973,"Juice,Bread,Cheese,Jam"
1974,"Eggs,Juice,Beer,Milk"
1975,"Eggs,Beer"
1976,"Milk,Bread"
1977,"Bread,Jam,Beer"
1978,"Coke,Cheese"
1979,"Diaper,Jam,Juice,Eggs"
1980,"Butter,Milk,Eggs,Juice"
1981,"Cheese,Coke,Beer,Milk,Diaper"
1982,"Bread,Milk,Jam,Eggs"
1983,"Jam,Juice,Cheese,Coke"
1984,"Eggs,Diaper,Cheese,Coke,Milk"
1985,"Juice,Beer,Jam"
1986,"Milk,Beer,Juice,Jam,Butter"
1987,"Milk,Juice,Coke,Butter"
1988,"Butter,Diaper,Coke,Juice"
1989,"Cheese,Milk"
1990,"Diaper,Eggs"
1991,"Coke,Milk,Butter"
1992,"Coke,Bread,Milk,Butter"
1993,"Milk,Diaper,Coke"
1994,"Jam,Diaper"
1995,"Cheese,Milk,Butter,Juice,Beer"
1996,"Jam,Bread"
1997,"Jam,Juice"
1998,"Cheese,Jam"
1999,"Eggs,Coke,Juice,Cheese"
2000,"Diaper,Bread,Coke,Jam"
2001,"Coke,Jam,Eggs,Cheese,Diaper"
2002,"Jam,Milk,Bread"
2003,"Butter,Juice,Cheese,Coke,Diaper"
2004,"Cheese,Eggs,Juice,Beer"
2005,"Milk,Cheese"
2006,"Beer,Coke,Butter,Eggs"
2007,"Bread,Cheese,Eggs"
2008,"Diaper,Milk,Cheese,Juice"
2009,"Cheese,Milk"
2010,"Butter,Coke,Diaper,Bread,Eggs"
2011,"Juice,Eggs,Jam,Beer"
2012,"Eggs,Juice,Cheese"
2013,"Cheese,Diaper,Milk"
2014,"Bread,Jam,Coke,Juice"
2015,"Butter,Bread,Jam"
2016,"Milk,Eggs,Beer,Jam,Juice"
2017,"Butter,Bread"
2018,"Milk,Jam"
2019,"Jam,Bread,Coke"
2020,"Milk,Juice"
2021,"Butter,Juice,Beer"
2022,"Cheese,Bread"
2023,"Bread,Beer,Eggs"
2024,"Cheese,Eggs"
2025,"Beer,Jam,Milk,Eggs,Cheese"
2026,"Beer,Eggs,Bread"
2027,"Cheese,Diaper,Coke,Juice,Eggs"
2028,"Cheese,Diaper"
2029,"Coke,Beer,Juice"
2030,"Juice,Beer,Diaper"
2031,"Eggs,Diaper"
2032,"Cheese,Diaper,Butter,Coke,Juice"
2033,"Beer,Milk"
2034,"Diaper,Beer,Butter"
2035,"Juice,Diaper,Butter,Bread,Coke"
2036,"Beer,Juice,Cheese,Milk"
2037,"Diaper,Eggs,Jam,Milk"
2038,"Bread,Juice"
2039,"Diaper,Milk,Bread,Beer,Eggs"
2040,"Bread,Coke,Butter,Jam,Diaper"
2041,"Juice,Cheese"
2042,"Diaper,Milk,Coke,Beer"
2043,"Diaper,Butter,Eggs"
2044,"Diaper,Cheese,Beer,Bread"
2045,"Eggs,Bread,Butter"
2046,"Coke,Butter,Beer,Milk,Bread"
2047,"Coke,Cheese,Milk"
2048,"Eggs,Diaper,Cheese,Coke,Juice"
2049,"Beer,Diaper,Butter,Cheese"
2050,"Jam,Diaper,Coke,Cheese,Eggs"
2051,"Milk,Cheese,Juice"
2052,"Butter,Eggs,Diaper,Coke"
2053,"Milk,Beer,Jam,Cheese"
2054,"Diaper,Coke,Jam,Juice"
2055,"Milk,Beer"
2056,"Beer,Milk,Cheese,Eggs,Coke"
2057,"Beer,Milk,Bread"
2058,"Cheese,Milk"
2059,"Butter,Jam"
2060,"Milk,Eggs,Coke,Diaper"
2061,"Butter,Milk,Diaper"
2062,"Cheese,Diaper"
2063,"Coke,Butter"
2064,"Jam,Butter,Eggs"
2065,"Juice,Diaper"
2066,"Cheese,Jam,Milk"
2067,"Beer,Juice"
2068,"Butter,Cheese,Beer"
2069,"Juice,Bread"
2070,"Butter,Diaper"
2071,"Milk,Eggs,Jam,Beer"
2072,"Butter,Beer,Milk,Diaper"
2073,"Bread,Eggs,Butter"
2074,"Jam,Butter,Cheese,Juice,Diaper"
2075,"Coke,Jam,Cheese,Diaper"
2076,"Coke,Butter,Cheese,Juice,Milk"
2077,"Jam,Diaper"
2078,"Beer,Diaper,Juice"
2079,"Coke,Butter,Beer,Jam"
2080,"Coke,Cheese"
2081,"Butter,Bread,Diaper,Cheese,Eggs"
2082,"Butter,Milk,Cheese,Diaper,Juice"
2083,"Bread,Diaper"
2084,"Milk,Juice,Coke"
2085,"Bread,Coke,Beer,Juice"
2086,"Butter,Bread,Eggs"
2087,"Butter,Eggs,Jam"
2088,"Eggs,Diaper,Beer,Juice"
2089,"Eggs,Jam,Beer"
2090,"Butter,Jam"
2091,"Milk,Jam,Diaper"
2092,"Juice,Beer,Cheese"
2093,"Juice,Milk,Eggs,Coke"
2094,"Cheese,Coke,Bread,Milk,Beer"
2095,"Diaper,Milk,Bread"
2096,"Beer,Eggs,Bread,Juice"
2097,"Jam,Bread,Butter,Cheese"
2098,"Jam,Diaper,Eggs,Coke"
2099,"Bread,Juice,Beer,Cheese,Jam"
2100,"Bread,Diaper,Milk,Coke,Jam"
2101,"Cheese,Eggs,Milk,Bread,Diaper"
2102,"Butter,Diaper"
2103,"Coke,Bread"
2104,"Cheese,Coke"
2105,"Beer,Jam,Bread,Butter,Cheese"
2106,"Milk,Cheese,Beer,Eggs"
2107,"Butter,Eggs,Bread"
2108,"Cheese,Bread,Butter"
2109,"Bread,Butter"
2110,"Juice,Milk"
2111,"Butter,Diaper,Eggs,Jam,Juice"
2112,"Juice,Cheese,Jam,Diaper"
2113,"Bread,Eggs,Beer,Milk"
2114,"Milk,Juice,Cheese"
2115,"Cheese,Diaper,Eggs"
2116,"Bread,Butter,Coke"
2117,"Milk,Jam"
2118,"Bread,Beer"
2119,"Beer,Butter"
2120,"Diaper,Butter,Jam,Eggs,Milk"
2121,"Eggs,Diaper,Juice,Milk,Jam"
2122,"Bread,Beer,Eggs,Juice,Coke"
2123,"Milk,Cheese,Beer,Coke,Jam"
2124,"Eggs,Bread,Coke,Cheese"
2125,"Beer,Bread,Milk"
2126,"Coke,Juice"
2127,"Coke,Cheese,Diaper"
2128,"Milk,Jam,Eggs,Juice,Coke"
2129,"Bread,Juice,Milk,Diaper,Butter"
2130,"Butter,Coke,Cheese,Eggs,Diaper"
2131,"Diaper,Milk,Eggs,Beer,Jam"
2132,"Diaper,Cheese,Milk"
2133,"Juice,Milk,Bread"
2134,"Cheese,Butter,Milk"
2135,"Bread,Coke,Diaper,Juice"
2136,"Milk,Eggs,Coke,Butter,Diaper"
2137,"Butter,Jam,Coke"
2138,"Diaper,Jam,Coke,Butter,Cheese"
2139,"Diaper,Butter,Bread,Milk"
2140,"Cheese,Diaper,Eggs"
2141,"Beer,Jam"
2142,"Jam,Diaper,Coke"
2143,"Butter,Jam"
2144,"Coke,Eggs"
2145,"Butter,Bread,Jam"
2146,"Cheese,Milk,Bread,Juice,Eggs"
2147,"Eggs,Butter,Beer,Bread,Cheese"
2148,"Jam,Cheese,Beer"
2149,"Eggs,Milk,Cheese,Coke"
2150,"Coke,Jam,Butter,Milk,Bread"
2151,"Milk,Juice,Eggs"
2152,"Milk,Diaper,Eggs,Juice,Jam"
2153,"Milk,Eggs,Juice,Diaper"
2154,"Beer,Eggs,Juice,Diaper,Butter"
2155,"Juice,Eggs,Diaper,Cheese,Bread"
2156,"Milk,Diaper,Beer,Jam"
2157,"Diaper,Coke,Jam,Milk,Cheese"
2158,"Jam,Beer,Cheese"
2159,"Beer,Diaper,Cheese"
2160,"Juice,Eggs,Milk,Cheese,Coke"
2161,"Eggs,Jam,Bread,Butter,Diaper"
2162,"Diaper,Juice,Milk"
2163,"Bread,Cheese"
2164,"Beer,Milk,Juice"
2165,"Cheese,Diaper,Butter,Coke"
2166,"Juice,Beer,Diaper,Eggs,Jam"
2167,"Jam,Cheese,Beer"
2168,"Coke,Cheese,Diaper"
2169,"Diaper,Eggs,Cheese,Jam,Milk"
2170,"Butter,Jam,Eggs,Coke"
2171,"Beer,Eggs,Jam,Juice,Cheese"
2172,"Bread,Cheese,Juice,Butter,Milk"
2173,"Beer,Butter,Diaper,Coke,Jam"
2174,"Juice,Milk"
2175,"Coke,Cheese,Butter,Beer,Bread"
2176,"Coke,Eggs,Diaper"
2177,"Butter,Cheese,Coke,Beer"
2178,"Cheese,Beer"
2179,"Jam,Beer,Bread,Butter,Juice"
2180,"Juice,Eggs,Jam,Cheese"
2181,"Milk,Eggs"
2182,"Milk,Bread"
2183,"Bread,Butter"
2184,"Eggs,Beer,Jam,Butter"
2185,"Eggs,Juice,Jam,Coke,Diaper"
2186,"Butter,Coke"
2187,"Juice,Cheese,Diaper,Beer"
2188,"Beer,Juice,Bread,Diaper,Butter"
2189,"Milk,Cheese,Butter,Bread"
2190,"Cheese,Juice,Butter"
2191,"Butter,Milk,Coke,Diaper"
2192,"Cheese,Diaper,Coke,Beer,Jam"
2193,"Milk,Diaper,Coke,Cheese,Juice"
2194,"Diaper,Coke,Cheese,Milk"
2195,"Coke,Butter,Eggs,Beer,Cheese"
2196,"Juice,Eggs,Bread"
2197,"Beer,Juice,Eggs"
2198,"Bread,Milk"
2199,"Butter,Cheese,Eggs,Jam"
2200,"Eggs,Bread,Butter,Jam"
2201,"Juice,Eggs,Milk,Jam"
2202,"Beer,Cheese,Coke,Diaper,Milk"
2203,"Jam,Butter,Diaper"
2204,"Cheese,Beer,Juice"
2205,"Diaper,Cheese,Juice"
2206,"Juice,Coke"
2207,"Milk,Bread,Butter,Eggs"
2208,"Diaper,Bread"
2209,"Juice,Butter,Jam"
2210,"Jam,Beer"
2211,"Beer,Cheese"
2212,"Butter,Bread,Eggs"
2213,"Coke,Cheese"
2214,"Butter,Jam,Milk"
2215,"Bread,Cheese,Beer,Butter"
2216,"Juice,Eggs,Coke,Beer,Milk"
2217,"Eggs,Milk,Beer,Diaper"
2218,"Cheese,Beer,Juice,Jam"
2219,"Juice,Milk"
2220,"Bread,Diaper"
2221,"Beer,Cheese,Coke,Jam"
2222,"Butter,Cheese,Juice,Milk"
2223,"Diaper,Milk,Eggs"
2224,"Coke,Juice,Milk,Bread"
2225,"Coke,Eggs,Diaper,Bread"
2226,"Cheese,Juice,Butter"
2227,"Butter,Bread,Beer"
2228,"Cheese,Coke,Beer"
2229,"Coke,Juice,Milk,Beer"
2230,"Jam,Diaper,Coke,Eggs"
2231,"Beer,Juice,Bread"
2232,"Milk,Eggs,Jam"
2233,"Juice,Eggs,Milk"
2234,"Diaper,Jam,Cheese,Butter,Bread"
2235,"Coke,Diaper,Bread,Milk,Juice"
2236,"Eggs,Butter,Juice"
2237,"Diaper,Butter,Milk,Juice,Cheese"
2238,"Jam,Coke,Diaper,Eggs"
2239,"Bread,Coke,Cheese,Diaper,Butter"
2240,"Bread,Coke,Eggs,Cheese"
2241,"Beer,Juice,Jam"
2242,"Jam,Eggs"
2243,"Jam,Diaper"
2244,"Coke,Beer,Bread,Juice,Diaper"
2245,"Jam,Butter"
2246,"Juice,Cheese,Diaper,Jam"
2247,"Eggs,Beer,Diaper,Milk,Jam"
2248,"Jam,Cheese,Beer"
2249,"Coke,Bread,Milk,Eggs"
2250,"Beer,Eggs"
2251,"Bread,Cheese,Juice"
2252,"Milk,Eggs,Diaper,Juice"
2253,"Bread,Jam,Milk,Cheese"
2254,"Jam,Eggs,Juice,Butter"
2255,"Juice,Bread"
2256,"Beer,Eggs,Cheese"
2257,"Coke,Jam"
2258,"Beer,Jam,Cheese,Butter,Diaper"
2259,"Milk,Beer,Eggs"
2260,"Cheese,Diaper,Jam"
2261,"Cheese,Butter,Diaper,Jam"
2262,"Milk,Coke,Eggs,Bread,Jam"
2263,"Eggs,Cheese,Juice"
2264,"Juice,Diaper,Jam,Bread,Butter"
2265,"Diaper,Juice,Butter,Jam"
2266,"Juice,Bread,Eggs"
2267,"Juice,Diaper,Jam"
2268,"Butter,Eggs,Milk,Beer"
2269,"Eggs,Butter,Cheese,Jam"
2270,"Butter,Bread,Jam,Coke,Cheese"
2271,"Juice,Beer,Diaper,Milk,Eggs"
2272,"Eggs,Diaper,Juice,Milk,Coke"
2273,"Diaper,Eggs,Milk"
2274,"Cheese,Bread,Coke"
2275,"Coke,Butter"
2276,"Butter,Coke"
2277,"Eggs,Cheese,Jam"
2278,"Bread,Jam,Cheese,Butter,Diaper"
2279,"Cheese,Juice,Jam,Butter,Coke"
2280,"Diaper,Milk,Cheese,Beer"
2281,"Jam,Juice,Beer,Coke,Milk"
2282,"Diaper,Eggs,Juice,Beer,Butter"
2283,"Bread,Milk"
2284,"Bread,Coke"
2285,"Bread,Cheese"
2286,"Cheese,Juice,Diaper"
2287,"Beer,Jam,Milk"
2288,"Eggs,Beer"
2289,"Milk,Eggs,Jam,Diaper,Beer"
2290,"Milk,Cheese,Jam,Eggs"
2291,"Bread,Milk,Butter,Cheese"
2292,"Cheese,Bread,Jam"
2293,"Coke,Bread,Beer"
2294,"Diaper,Butter"
2295,"Beer,Bread,Butter,Milk,Coke"
2296,"Diaper,Butter"
2297,"Butter,Coke,Bread"
2298,"Eggs,Jam,Coke,Bread"
2299,"Milk,Coke,Juice,Eggs"
2300,"Beer,Juice,Butter,Bread"
2301,"Diaper,Coke,Cheese,Bread,Milk"
2302,"Bread,Milk,Juice"
2303,"Juice,Coke,Eggs,Diaper"
2304,"Butter,Coke,Cheese,Milk,Beer"
2305,"Beer,Eggs,Juice"
2306,"Butter,Cheese,Diaper"
2307,"Coke,Diaper"
2308,"Eggs,Cheese,Jam,Coke,Bread"
2309,"Butter,Cheese,Eggs"
2310,"Beer,Coke,Juice,Eggs"
2311,"Bread,Butter,Juice,Milk,Diaper"
2312,"Coke,Cheese,Beer,Butter,Diaper"
2313,"Bread,Beer,Eggs,Milk,Diaper"
2314,"Eggs,Diaper,Butter,Jam,Bread"
2315,"Diaper,Bread,Coke"
2316,"Beer,Eggs,Bread,Diaper"
2317,"Bread,Butter,Juice,Diaper"
2318,"Eggs,Diaper"
2319,"Cheese,Beer,Milk,Bread"
2320,"Bread,Juice"
2321,"Beer,Juice,Milk"
2322,"Eggs,Milk,Coke,Butter,Jam"
2323,"Butter,Milk,Bread,Jam,Eggs"
2324,"Beer,Diaper,Milk"
2325,"Bread,Coke"
2326,"Diaper,Cheese,Eggs"
2327,"Beer,Eggs,Diaper,Jam,Milk"
2328,"Juice,Cheese,Eggs,Beer,Butter"
2329,"Bread,Coke"
2330,"Bread,Beer,Eggs,Milk"
2331,"Cheese,Coke,Diaper,Milk,Beer"
2332,"Cheese,Beer,Eggs"
2333,"Beer,Coke,Juice"
2334,"Jam,Milk,Cheese,Beer,Juice"
2335,"Butter,Coke,Jam,Juice"
2336,"Butter,Juice,Eggs,Milk,Bread"
2337,"Milk,Juice"
2338,"Juice,Coke,Milk,Diaper"
2339,"Milk,Eggs,Cheese,Bread,Butter"
2340,"Jam,Butter,Juice,Coke"
2341,"Beer,Bread"
2342,"Butter,Diaper,Beer,Jam,Eggs"
2343,"Butter,Diaper"
2344,"Diaper,Cheese,Coke,Beer,Bread"
2345,"Beer,Juice,Eggs"
2346,"Jam,Diaper"
2347,"Butter,Cheese,Diaper"
2348,"Jam,Coke,Beer,Eggs"
2349,"Eggs,Diaper,Jam,Juice"
2350,"Bread,Butter"
2351,"Diaper,Beer"
2352,"Juice,Diaper"
2353,"Cheese,Butter,Bread,Milk,Eggs"
2354,"Eggs,Jam,Milk,Beer"
2355,"Butter,Juice,Cheese,Jam,Diaper"
2356,"Milk,Beer"
2357,"Butter,Diaper"
2358,"Cheese,Jam,Coke,Eggs"
2359,"Juice,Beer,Coke,Cheese"
2360,"Cheese,Butter,Coke,Beer,Diaper"
2361,"Beer,Juice,Eggs,Cheese"
2362,"Diaper,Cheese,Milk,Butter,Bread"
2363,"Bread,Beer"
